arm,transition,term,estimate_demographic_only,std.error_demographic_only,estimate_with_physical,std.error_with_physical,racial_coefficient,percent_change_vs_demographic
approach,Fragile -> Inundated,z_drainage_distance_km,NA,NA,-0.203986914823413,0.06419121569918479,FALSE,NA
approach,Fragile -> Inundated,z_elevation_m_mean,NA,NA,-3.4099684090000184,0.14779870507460793,FALSE,NA
approach,Fragile -> Inundated,z_log_median_income,0.16820740591366323,0.09066136641815928,-0.11077567493932838,0.08190050839206307,FALSE,NA
approach,Fragile -> Inundated,z_no_vehicle_share,0.00446577987224414,0.07760081846552871,0.15164733954621373,0.05989667010707487,FALSE,NA
approach,Fragile -> Inundated,z_pct_age_65plus,0.22883483108751684,0.0812202380180312,-0.17250440536988146,0.09458843581521748,FALSE,NA
approach,Fragile -> Inundated,z_pct_black_nh,-0.7148587549646819,0.100871807280887,-0.34101937630284196,0.0751335016143414,TRUE,-52.295558537337875
approach,Fragile -> Inundated,z_pct_hispanic,-0.8512846218083301,0.11246896606133153,-0.4209219051876199,0.09892629240956402,TRUE,-50.55450381642251
approach,Fragile -> Inundated,z_renter_share,0.6914458786807796,0.07580859527940599,0.403731677856515,0.07598310095399462,FALSE,NA
approach,Fragile -> Isolated,z_drainage_distance_km,NA,NA,-0.18549178844988232,0.04887001319383077,FALSE,NA
approach,Fragile -> Isolated,z_elevation_m_mean,NA,NA,-1.668541771573291,0.0761654362344733,FALSE,NA
approach,Fragile -> Isolated,z_log_median_income,0.2488059546918448,0.07396257774802516,0.05993677993104654,0.06033303743307466,FALSE,NA
approach,Fragile -> Isolated,z_no_vehicle_share,-0.04572720101967949,0.04962847963370375,0.0217978975970938,0.05128652380028382,FALSE,NA
approach,Fragile -> Isolated,z_pct_age_65plus,0.3114686053827728,0.05942056530472806,0.06401387485621528,0.05830889848669678,FALSE,NA
approach,Fragile -> Isolated,z_pct_black_nh,-0.6605380511230092,0.0727449559357203,-0.3885298229161808,0.06809572769799001,TRUE,-41.17979694650074
approach,Fragile -> Isolated,z_pct_hispanic,-0.7890481874943828,0.08371395743175783,-0.4895194344889531,0.08362698046976609,TRUE,-37.96076814479243
approach,Fragile -> Isolated,z_renter_share,0.48493104411890464,0.05691104282262437,0.23665906723033123,0.05456405710986437,FALSE,NA
approach,Fragile -> Worse,z_drainage_distance_km,NA,NA,-0.23716322177884988,0.06911739342816153,FALSE,NA
approach,Fragile -> Worse,z_elevation_m_mean,NA,NA,-3.7561573235388166,0.15441688000110212,FALSE,NA
approach,Fragile -> Worse,z_log_median_income,0.25110374096599913,0.08960466650789832,-0.03420799883162435,0.08306911201847163,FALSE,NA
approach,Fragile -> Worse,z_no_vehicle_share,-0.0113856463606993,0.0682568467311568,0.12428066978622784,0.06134030874993383,FALSE,NA
approach,Fragile -> Worse,z_pct_age_65plus,0.3134745728966225,0.07459210058675636,-0.04007711296415527,0.0887341085902064,FALSE,NA
approach,Fragile -> Worse,z_pct_black_nh,-0.8363092753066544,0.09367421389504088,-0.58519261079181,0.07687127231665065,TRUE,-30.026770230757762
approach,Fragile -> Worse,z_pct_hispanic,-1.022357961146406,0.10671312243385368,-0.7931429517604067,0.11116039861259693,TRUE,-22.42023030064464
approach,Fragile -> Worse,z_renter_share,0.732234489939767,0.07106498560379192,0.5067950715285768,0.07164187246898208,FALSE,NA
approach,Redundant -> Fragile,z_drainage_distance_km,NA,NA,-0.24181738091648455,0.06210752150384121,FALSE,NA
approach,Redundant -> Fragile,z_elevation_m_mean,NA,NA,-1.4303055985430575,0.07718835473596333,FALSE,NA
approach,Redundant -> Fragile,z_log_median_income,0.1986121013112711,0.0779069842697846,0.1032961880462998,0.066719419770093,FALSE,NA
approach,Redundant -> Fragile,z_no_vehicle_share,-0.05452050021032478,0.05320657013935432,0.0215452739199876,0.05204538458077511,FALSE,NA
approach,Redundant -> Fragile,z_pct_age_65plus,0.34195561165003374,0.06633938348504999,0.1072728429099138,0.06358866399767239,FALSE,NA
approach,Redundant -> Fragile,z_pct_black_nh,-0.47240825164659894,0.0671852624156799,-0.26414692241064414,0.06042557196102555,TRUE,-44.08503206920098
approach,Redundant -> Fragile,z_pct_hispanic,-0.7628916709251807,0.07391938437019621,-0.5093148860878332,0.06964605155097331,TRUE,-33.23889806397122
approach,Redundant -> Fragile,z_renter_share,0.6130604159777312,0.0599772790411931,0.4703514418018568,0.05973636876983326,FALSE,NA
approach,Redundant -> Inundated,z_drainage_distance_km,NA,NA,-0.18424463443861824,0.07257456209431204,FALSE,NA
approach,Redundant -> Inundated,z_elevation_m_mean,NA,NA,-3.678578825604432,0.16625580784943078,FALSE,NA
approach,Redundant -> Inundated,z_log_median_income,0.04489837092012429,0.07045680189838831,-0.1278736661200889,0.07371805166805818,FALSE,NA
approach,Redundant -> Inundated,z_no_vehicle_share,0.04035083273207141,0.05589888713847734,0.1721192255241402,0.05758473586015211,FALSE,NA
approach,Redundant -> Inundated,z_pct_age_65plus,0.22934096343820973,0.07513759203193923,-0.10657868721785824,0.07665592230267305,FALSE,NA
approach,Redundant -> Inundated,z_pct_black_nh,-0.6574964079655681,0.07108275531242789,-0.3523965234302754,0.06026213703606117,TRUE,-46.403277772928945
approach,Redundant -> Inundated,z_pct_hispanic,-0.8055217636109757,0.08835278846680043,-0.5269961942133007,0.08314982170065602,TRUE,-34.57703838430219
approach,Redundant -> Inundated,z_renter_share,0.5481254440018946,0.06068934661772562,0.32319083879895694,0.06047356018581674,FALSE,NA
approach,Redundant -> Isolated,z_drainage_distance_km,NA,NA,-0.09477416691567855,0.05104509628931515,FALSE,NA
approach,Redundant -> Isolated,z_elevation_m_mean,NA,NA,-1.97759493453236,0.08571169217362636,FALSE,NA
approach,Redundant -> Isolated,z_log_median_income,0.1503926272487327,0.06834139199893774,0.01671987408692627,0.05974639559706072,FALSE,NA
approach,Redundant -> Isolated,z_no_vehicle_share,-0.08253375439173344,0.0472106533611845,-0.01934871477433434,0.04633459983312785,FALSE,NA
approach,Redundant -> Isolated,z_pct_age_65plus,0.2943215404811814,0.06058383727311766,0.0346448265923439,0.05628947966542434,FALSE,NA
approach,Redundant -> Isolated,z_pct_black_nh,-0.47177656400941054,0.05774636126838384,-0.230007541469348,0.05194933574120428,TRUE,-51.24650967936592
approach,Redundant -> Isolated,z_pct_hispanic,-0.6069720258027522,0.06888944096618695,-0.36177507951456,0.06093859135754271,TRUE,-40.39674579135776
approach,Redundant -> Isolated,z_renter_share,0.36890961129546224,0.05319252569000141,0.1519429426071474,0.0487883210990457,FALSE,NA
approach,Redundant -> Worse,z_drainage_distance_km,NA,NA,-0.18485039569817613,0.07040812999359256,FALSE,NA
approach,Redundant -> Worse,z_elevation_m_mean,NA,NA,-4.09096498552846,0.15616346586766328,FALSE,NA
approach,Redundant -> Worse,z_log_median_income,0.13631485062906948,0.07502014601315544,-0.01843280165310152,0.07532812213052663,FALSE,NA
approach,Redundant -> Worse,z_no_vehicle_share,-0.00501296286230185,0.05485484284219778,0.11785751387383528,0.05585702951112277,FALSE,NA
approach,Redundant -> Worse,z_pct_age_65plus,0.337884542027813,0.07206661479419132,0.06684640334461885,0.07190310982141306,FALSE,NA
approach,Redundant -> Worse,z_pct_black_nh,-0.6951419493976689,0.06546668805935416,-0.5113990004923198,0.05989133804398308,TRUE,-26.43243571540459
approach,Redundant -> Worse,z_pct_hispanic,-0.9053602034403264,0.0812486003295975,-0.8440057620753874,0.07510825733301765,TRUE,-6.776799016766481
approach,Redundant -> Worse,z_renter_share,0.6145459197512565,0.05996284056434461,0.4938177518232604,0.05995337852775067,FALSE,NA
