bridge_rule,slr_ft,metric,value,unit,universe,population_count_type,reference_value,delta
intersect,0,baseline_status_redundant_blocks,50918.0,blocks,all_blocks,not_applicable,,
intersect,0,baseline_status_redundant_population,3683432.0,persons,all_blocks,person_scenario,,
intersect,0,baseline_status_redundant_population,3683432.0,persons,all_blocks,unique_person,,
intersect,0,baseline_status_fragile_blocks,17989.0,blocks,all_blocks,not_applicable,,
intersect,0,baseline_status_fragile_population,2392367.0,persons,all_blocks,person_scenario,,
intersect,0,baseline_status_fragile_population,2392367.0,persons,all_blocks,unique_person,,
intersect,0,baseline_status_isolated_blocks,439.0,blocks,all_blocks,not_applicable,,
intersect,0,baseline_status_isolated_population,40532.0,persons,all_blocks,person_scenario,,
intersect,0,baseline_status_isolated_population,40532.0,persons,all_blocks,unique_person,,
intersect,0,baseline_status_inundated_blocks,1178.0,blocks,all_blocks,not_applicable,,
intersect,0,baseline_status_inundated_population,20155.0,persons,all_blocks,person_scenario,,
intersect,0,baseline_status_inundated_population,20155.0,persons,all_blocks,unique_person,,
intersect,0,baseline_status_unclassified_blocks,171.0,blocks,all_blocks,not_applicable,,
intersect,0,baseline_status_unclassified_population,1847.0,persons,all_blocks,person_scenario,,
intersect,0,baseline_status_unclassified_population,1847.0,persons,all_blocks,unique_person,,
intersect,0,baseline_fragile_share,0.25445929697998443,share,all_blocks,not_applicable,0.247,0.007459296979984431
intersect,0,new_fragile_blocks,0.0,blocks,all_blocks,not_applicable,,
intersect,0,new_fragile_population,0.0,persons,all_blocks,person_scenario,,
intersect,0,new_fragile_population,0.0,persons,all_blocks,unique_person,,
intersect,0,new_isolated_blocks,0.0,blocks,all_blocks,not_applicable,,
intersect,0,new_isolated_population,0.0,persons,all_blocks,person_scenario,,
intersect,0,new_isolated_population,0.0,persons,all_blocks,unique_person,,
intersect,0,new_inundated_blocks,0.0,blocks,all_blocks,not_applicable,,
intersect,0,new_inundated_population,0.0,persons,all_blocks,person_scenario,,
intersect,0,new_inundated_population,0.0,persons,all_blocks,unique_person,,
intersect,1,new_fragile_blocks,11.0,blocks,all_blocks,not_applicable,,
intersect,1,new_fragile_population,150.0,persons,all_blocks,person_scenario,,
intersect,1,new_fragile_population,150.0,persons,all_blocks,unique_person,,
intersect,1,new_isolated_blocks,13.0,blocks,all_blocks,not_applicable,,
intersect,1,new_isolated_population,346.0,persons,all_blocks,person_scenario,,
intersect,1,new_isolated_population,346.0,persons,all_blocks,unique_person,,
intersect,1,new_inundated_blocks,113.0,blocks,all_blocks,not_applicable,,
intersect,1,new_inundated_population,4853.0,persons,all_blocks,person_scenario,,
intersect,1,new_inundated_population,4853.0,persons,all_blocks,unique_person,,
intersect,2,new_fragile_blocks,214.0,blocks,all_blocks,not_applicable,,
intersect,2,new_fragile_population,12494.0,persons,all_blocks,person_scenario,,
intersect,2,new_fragile_population,12494.0,persons,all_blocks,unique_person,,
intersect,2,new_isolated_blocks,342.0,blocks,all_blocks,not_applicable,,
intersect,2,new_isolated_population,28411.0,persons,all_blocks,person_scenario,,
intersect,2,new_isolated_population,28411.0,persons,all_blocks,unique_person,,
intersect,2,new_inundated_blocks,312.0,blocks,all_blocks,not_applicable,,
intersect,2,new_inundated_population,17435.0,persons,all_blocks,person_scenario,,
intersect,2,new_inundated_population,17435.0,persons,all_blocks,unique_person,,
intersect,3,new_fragile_blocks,482.0,blocks,all_blocks,not_applicable,,
intersect,3,new_fragile_population,33977.0,persons,all_blocks,person_scenario,,
intersect,3,new_fragile_population,33977.0,persons,all_blocks,unique_person,,
intersect,3,new_isolated_blocks,1149.0,blocks,all_blocks,not_applicable,,
intersect,3,new_isolated_population,156368.0,persons,all_blocks,person_scenario,,
intersect,3,new_isolated_population,156368.0,persons,all_blocks,unique_person,,
intersect,3,new_inundated_blocks,1124.0,blocks,all_blocks,not_applicable,,
intersect,3,new_inundated_population,86305.0,persons,all_blocks,person_scenario,,
intersect,3,new_inundated_population,86305.0,persons,all_blocks,unique_person,,
intersect,4,new_fragile_blocks,783.0,blocks,all_blocks,not_applicable,,
intersect,4,new_fragile_population,54298.0,persons,all_blocks,person_scenario,,
intersect,4,new_fragile_population,54298.0,persons,all_blocks,unique_person,,
intersect,4,new_isolated_blocks,2051.0,blocks,all_blocks,not_applicable,,
intersect,4,new_isolated_population,237017.0,persons,all_blocks,person_scenario,,
intersect,4,new_isolated_population,237017.0,persons,all_blocks,unique_person,,
intersect,4,new_inundated_blocks,2823.0,blocks,all_blocks,not_applicable,,
intersect,4,new_inundated_population,251397.0,persons,all_blocks,person_scenario,,
intersect,4,new_inundated_population,251397.0,persons,all_blocks,unique_person,,
intersect,5,new_fragile_blocks,1366.0,blocks,all_blocks,not_applicable,,
intersect,5,new_fragile_population,87930.0,persons,all_blocks,person_scenario,,
intersect,5,new_fragile_population,87930.0,persons,all_blocks,unique_person,,
intersect,5,new_isolated_blocks,3632.0,blocks,all_blocks,not_applicable,,
intersect,5,new_isolated_population,356087.0,persons,all_blocks,person_scenario,,
intersect,5,new_isolated_population,356087.0,persons,all_blocks,unique_person,,
intersect,5,new_inundated_blocks,6400.0,blocks,all_blocks,not_applicable,,
intersect,5,new_inundated_population,575301.0,persons,all_blocks,person_scenario,,
intersect,5,new_inundated_population,575301.0,persons,all_blocks,unique_person,,
intersect,6,new_fragile_blocks,1326.0,blocks,all_blocks,not_applicable,,
intersect,6,new_fragile_population,88320.0,persons,all_blocks,person_scenario,,
intersect,6,new_fragile_population,88320.0,persons,all_blocks,unique_person,,
intersect,6,new_isolated_blocks,6871.0,blocks,all_blocks,not_applicable,,
intersect,6,new_isolated_population,651276.0,persons,all_blocks,person_scenario,,
intersect,6,new_isolated_population,651276.0,persons,all_blocks,unique_person,,
intersect,6,new_inundated_blocks,13551.0,blocks,all_blocks,not_applicable,,
intersect,6,new_inundated_population,1328770.0,persons,all_blocks,person_scenario,,
intersect,6,new_inundated_population,1328770.0,persons,all_blocks,unique_person,,
intersect,1,cumulative_newly_affected_population,5349.0,persons,all_blocks,person_scenario,,
intersect,1,cumulative_newly_affected_population,5349.0,persons,all_blocks,unique_person,,
intersect,2,cumulative_newly_affected_population,63689.0,persons,all_blocks,person_scenario,,
intersect,2,cumulative_newly_affected_population,58340.0,persons,all_blocks,unique_person,,
intersect,3,cumulative_newly_affected_population,340339.0,persons,all_blocks,person_scenario,,
intersect,3,cumulative_newly_affected_population,276650.0,persons,all_blocks,unique_person,,
intersect,4,cumulative_newly_affected_population,883051.0,persons,all_blocks,person_scenario,,
intersect,4,cumulative_newly_affected_population,542712.0,persons,all_blocks,unique_person,,
intersect,5,cumulative_newly_affected_population,1902369.0,persons,all_blocks,person_scenario,,
intersect,5,cumulative_newly_affected_population,1019318.0,persons,all_blocks,unique_person,,
intersect,6,cumulative_newly_affected_population,3970735.0,persons,all_blocks,person_scenario,660000.0,3310735.0
intersect,6,cumulative_newly_affected_population,2068366.0,persons,all_blocks,unique_person,660000.0,1408366.0
intersect,0,baseline_status_redundant_blocks,40112.0,blocks,analysis_universe,not_applicable,,
intersect,0,baseline_status_redundant_population,3683312.0,persons,analysis_universe,person_scenario,,
intersect,0,baseline_status_redundant_population,3683312.0,persons,analysis_universe,unique_person,,
intersect,0,baseline_status_fragile_blocks,14801.0,blocks,analysis_universe,not_applicable,,
intersect,0,baseline_status_fragile_population,2391791.0,persons,analysis_universe,person_scenario,,
intersect,0,baseline_status_fragile_population,2391791.0,persons,analysis_universe,unique_person,,
intersect,0,baseline_status_isolated_blocks,375.0,blocks,analysis_universe,not_applicable,,
intersect,0,baseline_status_isolated_population,40532.0,persons,analysis_universe,person_scenario,,
intersect,0,baseline_status_isolated_population,40532.0,persons,analysis_universe,unique_person,,
intersect,0,baseline_status_inundated_blocks,93.0,blocks,analysis_universe,not_applicable,,
intersect,0,baseline_status_inundated_population,20053.0,persons,analysis_universe,person_scenario,,
intersect,0,baseline_status_inundated_population,20053.0,persons,analysis_universe,unique_person,,
intersect,0,baseline_status_unclassified_blocks,0.0,blocks,analysis_universe,not_applicable,,
intersect,0,baseline_status_unclassified_population,0.0,persons,analysis_universe,person_scenario,,
intersect,0,baseline_status_unclassified_population,0.0,persons,analysis_universe,unique_person,,
intersect,0,baseline_fragile_share,0.2672577237680793,share,analysis_universe,not_applicable,0.247,0.020257723768079328
intersect,0,new_fragile_blocks,0.0,blocks,analysis_universe,not_applicable,,
intersect,0,new_fragile_population,0.0,persons,analysis_universe,person_scenario,,
intersect,0,new_fragile_population,0.0,persons,analysis_universe,unique_person,,
intersect,0,new_isolated_blocks,0.0,blocks,analysis_universe,not_applicable,,
intersect,0,new_isolated_population,0.0,persons,analysis_universe,person_scenario,,
intersect,0,new_isolated_population,0.0,persons,analysis_universe,unique_person,,
intersect,0,new_inundated_blocks,0.0,blocks,analysis_universe,not_applicable,,
intersect,0,new_inundated_population,0.0,persons,analysis_universe,person_scenario,,
intersect,0,new_inundated_population,0.0,persons,analysis_universe,unique_person,,
intersect,1,new_fragile_blocks,5.0,blocks,analysis_universe,not_applicable,,
intersect,1,new_fragile_population,150.0,persons,analysis_universe,person_scenario,,
intersect,1,new_fragile_population,150.0,persons,analysis_universe,unique_person,,
intersect,1,new_isolated_blocks,11.0,blocks,analysis_universe,not_applicable,,
intersect,1,new_isolated_population,346.0,persons,analysis_universe,person_scenario,,
intersect,1,new_isolated_population,346.0,persons,analysis_universe,unique_person,,
intersect,1,new_inundated_blocks,27.0,blocks,analysis_universe,not_applicable,,
intersect,1,new_inundated_population,4853.0,persons,analysis_universe,person_scenario,,
intersect,1,new_inundated_population,4853.0,persons,analysis_universe,unique_person,,
intersect,2,new_fragile_blocks,170.0,blocks,analysis_universe,not_applicable,,
intersect,2,new_fragile_population,12494.0,persons,analysis_universe,person_scenario,,
intersect,2,new_fragile_population,12494.0,persons,analysis_universe,unique_person,,
intersect,2,new_isolated_blocks,273.0,blocks,analysis_universe,not_applicable,,
intersect,2,new_isolated_population,28411.0,persons,analysis_universe,person_scenario,,
intersect,2,new_isolated_population,28411.0,persons,analysis_universe,unique_person,,
intersect,2,new_inundated_blocks,155.0,blocks,analysis_universe,not_applicable,,
intersect,2,new_inundated_population,17435.0,persons,analysis_universe,person_scenario,,
intersect,2,new_inundated_population,17435.0,persons,analysis_universe,unique_person,,
intersect,3,new_fragile_blocks,387.0,blocks,analysis_universe,not_applicable,,
intersect,3,new_fragile_population,33977.0,persons,analysis_universe,person_scenario,,
intersect,3,new_fragile_population,33977.0,persons,analysis_universe,unique_person,,
intersect,3,new_isolated_blocks,980.0,blocks,analysis_universe,not_applicable,,
intersect,3,new_isolated_population,156368.0,persons,analysis_universe,person_scenario,,
intersect,3,new_isolated_population,156368.0,persons,analysis_universe,unique_person,,
intersect,3,new_inundated_blocks,758.0,blocks,analysis_universe,not_applicable,,
intersect,3,new_inundated_population,86305.0,persons,analysis_universe,person_scenario,,
intersect,3,new_inundated_population,86305.0,persons,analysis_universe,unique_person,,
intersect,4,new_fragile_blocks,558.0,blocks,analysis_universe,not_applicable,,
intersect,4,new_fragile_population,54298.0,persons,analysis_universe,person_scenario,,
intersect,4,new_fragile_population,54298.0,persons,analysis_universe,unique_person,,
intersect,4,new_isolated_blocks,1615.0,blocks,analysis_universe,not_applicable,,
intersect,4,new_isolated_population,237017.0,persons,analysis_universe,person_scenario,,
intersect,4,new_isolated_population,237017.0,persons,analysis_universe,unique_person,,
intersect,4,new_inundated_blocks,2001.0,blocks,analysis_universe,not_applicable,,
intersect,4,new_inundated_population,251366.0,persons,analysis_universe,person_scenario,,
intersect,4,new_inundated_population,251366.0,persons,analysis_universe,unique_person,,
intersect,5,new_fragile_blocks,952.0,blocks,analysis_universe,not_applicable,,
intersect,5,new_fragile_population,87930.0,persons,analysis_universe,person_scenario,,
intersect,5,new_fragile_population,87930.0,persons,analysis_universe,unique_person,,
intersect,5,new_isolated_blocks,2889.0,blocks,analysis_universe,not_applicable,,
intersect,5,new_isolated_population,356087.0,persons,analysis_universe,person_scenario,,
intersect,5,new_isolated_population,356087.0,persons,analysis_universe,unique_person,,
intersect,5,new_inundated_blocks,4690.0,blocks,analysis_universe,not_applicable,,
intersect,5,new_inundated_population,575265.0,persons,analysis_universe,person_scenario,,
intersect,5,new_inundated_population,575265.0,persons,analysis_universe,unique_person,,
intersect,6,new_fragile_blocks,922.0,blocks,analysis_universe,not_applicable,,
intersect,6,new_fragile_population,88320.0,persons,analysis_universe,person_scenario,,
intersect,6,new_fragile_population,88320.0,persons,analysis_universe,unique_person,,
intersect,6,new_isolated_blocks,5447.0,blocks,analysis_universe,not_applicable,,
intersect,6,new_isolated_population,651276.0,persons,analysis_universe,person_scenario,,
intersect,6,new_isolated_population,651276.0,persons,analysis_universe,unique_person,,
intersect,6,new_inundated_blocks,10301.0,blocks,analysis_universe,not_applicable,,
intersect,6,new_inundated_population,1326887.0,persons,analysis_universe,person_scenario,,
intersect,6,new_inundated_population,1326887.0,persons,analysis_universe,unique_person,,
intersect,1,cumulative_newly_affected_population,5349.0,persons,analysis_universe,person_scenario,,
intersect,1,cumulative_newly_affected_population,5349.0,persons,analysis_universe,unique_person,,
intersect,2,cumulative_newly_affected_population,63689.0,persons,analysis_universe,person_scenario,,
intersect,2,cumulative_newly_affected_population,58340.0,persons,analysis_universe,unique_person,,
intersect,3,cumulative_newly_affected_population,340339.0,persons,analysis_universe,person_scenario,,
intersect,3,cumulative_newly_affected_population,276650.0,persons,analysis_universe,unique_person,,
intersect,4,cumulative_newly_affected_population,883020.0,persons,analysis_universe,person_scenario,,
intersect,4,cumulative_newly_affected_population,542681.0,persons,analysis_universe,unique_person,,
intersect,5,cumulative_newly_affected_population,1902302.0,persons,analysis_universe,person_scenario,,
intersect,5,cumulative_newly_affected_population,1019282.0,persons,analysis_universe,unique_person,,
intersect,6,cumulative_newly_affected_population,3968785.0,persons,analysis_universe,person_scenario,660000.0,3308785.0
intersect,6,cumulative_newly_affected_population,2066483.0,persons,analysis_universe,unique_person,660000.0,1406483.0
approach,0,baseline_status_redundant_blocks,51456.0,blocks,all_blocks,not_applicable,,
approach,0,baseline_status_redundant_population,3714771.0,persons,all_blocks,person_scenario,,
approach,0,baseline_status_redundant_population,3714771.0,persons,all_blocks,unique_person,,
approach,0,baseline_status_fragile_blocks,17714.0,blocks,all_blocks,not_applicable,,
approach,0,baseline_status_fragile_population,2381718.0,persons,all_blocks,person_scenario,,
approach,0,baseline_status_fragile_population,2381718.0,persons,all_blocks,unique_person,,
approach,0,baseline_status_isolated_blocks,176.0,blocks,all_blocks,not_applicable,,
approach,0,baseline_status_isolated_population,19842.0,persons,all_blocks,person_scenario,,
approach,0,baseline_status_isolated_population,19842.0,persons,all_blocks,unique_person,,
approach,0,baseline_status_inundated_blocks,1178.0,blocks,all_blocks,not_applicable,,
approach,0,baseline_status_inundated_population,20155.0,persons,all_blocks,person_scenario,,
approach,0,baseline_status_inundated_population,20155.0,persons,all_blocks,unique_person,,
approach,0,baseline_status_unclassified_blocks,171.0,blocks,all_blocks,not_applicable,,
approach,0,baseline_status_unclassified_population,1847.0,persons,all_blocks,person_scenario,,
approach,0,baseline_status_unclassified_population,1847.0,persons,all_blocks,unique_person,,
approach,0,baseline_fragile_share,0.25056934719569984,share,all_blocks,not_applicable,0.247,0.0035693471956998457
approach,0,new_fragile_blocks,0.0,blocks,all_blocks,not_applicable,,
approach,0,new_fragile_population,0.0,persons,all_blocks,person_scenario,,
approach,0,new_fragile_population,0.0,persons,all_blocks,unique_person,,
approach,0,new_isolated_blocks,0.0,blocks,all_blocks,not_applicable,,
approach,0,new_isolated_population,0.0,persons,all_blocks,person_scenario,,
approach,0,new_isolated_population,0.0,persons,all_blocks,unique_person,,
approach,0,new_inundated_blocks,0.0,blocks,all_blocks,not_applicable,,
approach,0,new_inundated_population,0.0,persons,all_blocks,person_scenario,,
approach,0,new_inundated_population,0.0,persons,all_blocks,unique_person,,
approach,1,new_fragile_blocks,5.0,blocks,all_blocks,not_applicable,,
approach,1,new_fragile_population,56.0,persons,all_blocks,person_scenario,,
approach,1,new_fragile_population,56.0,persons,all_blocks,unique_person,,
approach,1,new_isolated_blocks,14.0,blocks,all_blocks,not_applicable,,
approach,1,new_isolated_population,614.0,persons,all_blocks,person_scenario,,
approach,1,new_isolated_population,614.0,persons,all_blocks,unique_person,,
approach,1,new_inundated_blocks,113.0,blocks,all_blocks,not_applicable,,
approach,1,new_inundated_population,4853.0,persons,all_blocks,person_scenario,,
approach,1,new_inundated_population,4853.0,persons,all_blocks,unique_person,,
approach,2,new_fragile_blocks,204.0,blocks,all_blocks,not_applicable,,
approach,2,new_fragile_population,12988.0,persons,all_blocks,person_scenario,,
approach,2,new_fragile_population,12988.0,persons,all_blocks,unique_person,,
approach,2,new_isolated_blocks,373.0,blocks,all_blocks,not_applicable,,
approach,2,new_isolated_population,34349.0,persons,all_blocks,person_scenario,,
approach,2,new_isolated_population,34349.0,persons,all_blocks,unique_person,,
approach,2,new_inundated_blocks,312.0,blocks,all_blocks,not_applicable,,
approach,2,new_inundated_population,17435.0,persons,all_blocks,person_scenario,,
approach,2,new_inundated_population,17435.0,persons,all_blocks,unique_person,,
approach,3,new_fragile_blocks,477.0,blocks,all_blocks,not_applicable,,
approach,3,new_fragile_population,40500.0,persons,all_blocks,person_scenario,,
approach,3,new_fragile_population,40500.0,persons,all_blocks,unique_person,,
approach,3,new_isolated_blocks,1201.0,blocks,all_blocks,not_applicable,,
approach,3,new_isolated_population,152560.0,persons,all_blocks,person_scenario,,
approach,3,new_isolated_population,152560.0,persons,all_blocks,unique_person,,
approach,3,new_inundated_blocks,1124.0,blocks,all_blocks,not_applicable,,
approach,3,new_inundated_population,86305.0,persons,all_blocks,person_scenario,,
approach,3,new_inundated_population,86305.0,persons,all_blocks,unique_person,,
approach,4,new_fragile_blocks,734.0,blocks,all_blocks,not_applicable,,
approach,4,new_fragile_population,57430.0,persons,all_blocks,person_scenario,,
approach,4,new_fragile_population,57430.0,persons,all_blocks,unique_person,,
approach,4,new_isolated_blocks,1981.0,blocks,all_blocks,not_applicable,,
approach,4,new_isolated_population,239712.0,persons,all_blocks,person_scenario,,
approach,4,new_isolated_population,239712.0,persons,all_blocks,unique_person,,
approach,4,new_inundated_blocks,2823.0,blocks,all_blocks,not_applicable,,
approach,4,new_inundated_population,251397.0,persons,all_blocks,person_scenario,,
approach,4,new_inundated_population,251397.0,persons,all_blocks,unique_person,,
approach,5,new_fragile_blocks,1215.0,blocks,all_blocks,not_applicable,,
approach,5,new_fragile_population,82627.0,persons,all_blocks,person_scenario,,
approach,5,new_fragile_population,82627.0,persons,all_blocks,unique_person,,
approach,5,new_isolated_blocks,3425.0,blocks,all_blocks,not_applicable,,
approach,5,new_isolated_population,353839.0,persons,all_blocks,person_scenario,,
approach,5,new_isolated_population,353839.0,persons,all_blocks,unique_person,,
approach,5,new_inundated_blocks,6400.0,blocks,all_blocks,not_applicable,,
approach,5,new_inundated_population,575301.0,persons,all_blocks,person_scenario,,
approach,5,new_inundated_population,575301.0,persons,all_blocks,unique_person,,
approach,6,new_fragile_blocks,1380.0,blocks,all_blocks,not_applicable,,
approach,6,new_fragile_population,90028.0,persons,all_blocks,person_scenario,,
approach,6,new_fragile_population,90028.0,persons,all_blocks,unique_person,,
approach,6,new_isolated_blocks,6458.0,blocks,all_blocks,not_applicable,,
approach,6,new_isolated_population,641766.0,persons,all_blocks,person_scenario,,
approach,6,new_isolated_population,641766.0,persons,all_blocks,unique_person,,
approach,6,new_inundated_blocks,13551.0,blocks,all_blocks,not_applicable,,
approach,6,new_inundated_population,1328770.0,persons,all_blocks,person_scenario,,
approach,6,new_inundated_population,1328770.0,persons,all_blocks,unique_person,,
approach,1,cumulative_newly_affected_population,5523.0,persons,all_blocks,person_scenario,,
approach,1,cumulative_newly_affected_population,5523.0,persons,all_blocks,unique_person,,
approach,2,cumulative_newly_affected_population,70295.0,persons,all_blocks,person_scenario,,
approach,2,cumulative_newly_affected_population,64772.0,persons,all_blocks,unique_person,,
approach,3,cumulative_newly_affected_population,349660.0,persons,all_blocks,person_scenario,,
approach,3,cumulative_newly_affected_population,279365.0,persons,all_blocks,unique_person,,
approach,4,cumulative_newly_affected_population,898199.0,persons,all_blocks,person_scenario,,
approach,4,cumulative_newly_affected_population,548539.0,persons,all_blocks,unique_person,,
approach,5,cumulative_newly_affected_population,1909966.0,persons,all_blocks,person_scenario,,
approach,5,cumulative_newly_affected_population,1011767.0,persons,all_blocks,unique_person,,
approach,6,cumulative_newly_affected_population,3970530.0,persons,all_blocks,person_scenario,660000.0,3310530.0
approach,6,cumulative_newly_affected_population,2060564.0,persons,all_blocks,unique_person,660000.0,1400564.0
approach,0,baseline_status_redundant_blocks,40439.0,blocks,analysis_universe,not_applicable,,
approach,0,baseline_status_redundant_population,3714651.0,persons,analysis_universe,person_scenario,,
approach,0,baseline_status_redundant_population,3714651.0,persons,analysis_universe,unique_person,,
approach,0,baseline_status_fragile_blocks,14697.0,blocks,analysis_universe,not_applicable,,
approach,0,baseline_status_fragile_population,2381142.0,persons,analysis_universe,person_scenario,,
approach,0,baseline_status_fragile_population,2381142.0,persons,analysis_universe,unique_person,,
approach,0,baseline_status_isolated_blocks,152.0,blocks,analysis_universe,not_applicable,,
approach,0,baseline_status_isolated_population,19842.0,persons,analysis_universe,person_scenario,,
approach,0,baseline_status_isolated_population,19842.0,persons,analysis_universe,unique_person,,
approach,0,baseline_status_inundated_blocks,93.0,blocks,analysis_universe,not_applicable,,
approach,0,baseline_status_inundated_population,20053.0,persons,analysis_universe,person_scenario,,
approach,0,baseline_status_inundated_population,20053.0,persons,analysis_universe,unique_person,,
approach,0,baseline_status_unclassified_blocks,0.0,blocks,analysis_universe,not_applicable,,
approach,0,baseline_status_unclassified_population,0.0,persons,analysis_universe,person_scenario,,
approach,0,baseline_status_unclassified_population,0.0,persons,analysis_universe,unique_person,,
approach,0,baseline_fragile_share,0.26537982340513894,share,analysis_universe,not_applicable,0.247,0.01837982340513894
approach,0,new_fragile_blocks,0.0,blocks,analysis_universe,not_applicable,,
approach,0,new_fragile_population,0.0,persons,analysis_universe,person_scenario,,
approach,0,new_fragile_population,0.0,persons,analysis_universe,unique_person,,
approach,0,new_isolated_blocks,0.0,blocks,analysis_universe,not_applicable,,
approach,0,new_isolated_population,0.0,persons,analysis_universe,person_scenario,,
approach,0,new_isolated_population,0.0,persons,analysis_universe,unique_person,,
approach,0,new_inundated_blocks,0.0,blocks,analysis_universe,not_applicable,,
approach,0,new_inundated_population,0.0,persons,analysis_universe,person_scenario,,
approach,0,new_inundated_population,0.0,persons,analysis_universe,unique_person,,
approach,1,new_fragile_blocks,3.0,blocks,analysis_universe,not_applicable,,
approach,1,new_fragile_population,56.0,persons,analysis_universe,person_scenario,,
approach,1,new_fragile_population,56.0,persons,analysis_universe,unique_person,,
approach,1,new_isolated_blocks,13.0,blocks,analysis_universe,not_applicable,,
approach,1,new_isolated_population,614.0,persons,analysis_universe,person_scenario,,
approach,1,new_isolated_population,614.0,persons,analysis_universe,unique_person,,
approach,1,new_inundated_blocks,27.0,blocks,analysis_universe,not_applicable,,
approach,1,new_inundated_population,4853.0,persons,analysis_universe,person_scenario,,
approach,1,new_inundated_population,4853.0,persons,analysis_universe,unique_person,,
approach,2,new_fragile_blocks,160.0,blocks,analysis_universe,not_applicable,,
approach,2,new_fragile_population,12988.0,persons,analysis_universe,person_scenario,,
approach,2,new_fragile_population,12988.0,persons,analysis_universe,unique_person,,
approach,2,new_isolated_blocks,323.0,blocks,analysis_universe,not_applicable,,
approach,2,new_isolated_population,34349.0,persons,analysis_universe,person_scenario,,
approach,2,new_isolated_population,34349.0,persons,analysis_universe,unique_person,,
approach,2,new_inundated_blocks,155.0,blocks,analysis_universe,not_applicable,,
approach,2,new_inundated_population,17435.0,persons,analysis_universe,person_scenario,,
approach,2,new_inundated_population,17435.0,persons,analysis_universe,unique_person,,
approach,3,new_fragile_blocks,380.0,blocks,analysis_universe,not_applicable,,
approach,3,new_fragile_population,40500.0,persons,analysis_universe,person_scenario,,
approach,3,new_fragile_population,40500.0,persons,analysis_universe,unique_person,,
approach,3,new_isolated_blocks,1050.0,blocks,analysis_universe,not_applicable,,
approach,3,new_isolated_population,152560.0,persons,analysis_universe,person_scenario,,
approach,3,new_isolated_population,152560.0,persons,analysis_universe,unique_person,,
approach,3,new_inundated_blocks,758.0,blocks,analysis_universe,not_applicable,,
approach,3,new_inundated_population,86305.0,persons,analysis_universe,person_scenario,,
approach,3,new_inundated_population,86305.0,persons,analysis_universe,unique_person,,
approach,4,new_fragile_blocks,560.0,blocks,analysis_universe,not_applicable,,
approach,4,new_fragile_population,57430.0,persons,analysis_universe,person_scenario,,
approach,4,new_fragile_population,57430.0,persons,analysis_universe,unique_person,,
approach,4,new_isolated_blocks,1639.0,blocks,analysis_universe,not_applicable,,
approach,4,new_isolated_population,239712.0,persons,analysis_universe,person_scenario,,
approach,4,new_isolated_population,239712.0,persons,analysis_universe,unique_person,,
approach,4,new_inundated_blocks,2001.0,blocks,analysis_universe,not_applicable,,
approach,4,new_inundated_population,251366.0,persons,analysis_universe,person_scenario,,
approach,4,new_inundated_population,251366.0,persons,analysis_universe,unique_person,,
approach,5,new_fragile_blocks,896.0,blocks,analysis_universe,not_applicable,,
approach,5,new_fragile_population,82627.0,persons,analysis_universe,person_scenario,,
approach,5,new_fragile_population,82627.0,persons,analysis_universe,unique_person,,
approach,5,new_isolated_blocks,2867.0,blocks,analysis_universe,not_applicable,,
approach,5,new_isolated_population,353839.0,persons,analysis_universe,person_scenario,,
approach,5,new_isolated_population,353839.0,persons,analysis_universe,unique_person,,
approach,5,new_inundated_blocks,4690.0,blocks,analysis_universe,not_applicable,,
approach,5,new_inundated_population,575265.0,persons,analysis_universe,person_scenario,,
approach,5,new_inundated_population,575265.0,persons,analysis_universe,unique_person,,
approach,6,new_fragile_blocks,923.0,blocks,analysis_universe,not_applicable,,
approach,6,new_fragile_population,90028.0,persons,analysis_universe,person_scenario,,
approach,6,new_fragile_population,90028.0,persons,analysis_universe,unique_person,,
approach,6,new_isolated_blocks,5408.0,blocks,analysis_universe,not_applicable,,
approach,6,new_isolated_population,641766.0,persons,analysis_universe,person_scenario,,
approach,6,new_isolated_population,641766.0,persons,analysis_universe,unique_person,,
approach,6,new_inundated_blocks,10301.0,blocks,analysis_universe,not_applicable,,
approach,6,new_inundated_population,1326887.0,persons,analysis_universe,person_scenario,,
approach,6,new_inundated_population,1326887.0,persons,analysis_universe,unique_person,,
approach,1,cumulative_newly_affected_population,5523.0,persons,analysis_universe,person_scenario,,
approach,1,cumulative_newly_affected_population,5523.0,persons,analysis_universe,unique_person,,
approach,2,cumulative_newly_affected_population,70295.0,persons,analysis_universe,person_scenario,,
approach,2,cumulative_newly_affected_population,64772.0,persons,analysis_universe,unique_person,,
approach,3,cumulative_newly_affected_population,349660.0,persons,analysis_universe,person_scenario,,
approach,3,cumulative_newly_affected_population,279365.0,persons,analysis_universe,unique_person,,
approach,4,cumulative_newly_affected_population,898168.0,persons,analysis_universe,person_scenario,,
approach,4,cumulative_newly_affected_population,548508.0,persons,analysis_universe,unique_person,,
approach,5,cumulative_newly_affected_population,1909899.0,persons,analysis_universe,person_scenario,,
approach,5,cumulative_newly_affected_population,1011731.0,persons,analysis_universe,unique_person,,
approach,6,cumulative_newly_affected_population,3968580.0,persons,analysis_universe,person_scenario,660000.0,3308580.0
approach,6,cumulative_newly_affected_population,2058681.0,persons,analysis_universe,unique_person,660000.0,1398681.0
retain,0,baseline_status_redundant_blocks,51456.0,blocks,all_blocks,not_applicable,,
retain,0,baseline_status_redundant_population,3714771.0,persons,all_blocks,person_scenario,,
retain,0,baseline_status_redundant_population,3714771.0,persons,all_blocks,unique_person,,
retain,0,baseline_status_fragile_blocks,17747.0,blocks,all_blocks,not_applicable,,
retain,0,baseline_status_fragile_population,2386249.0,persons,all_blocks,person_scenario,,
retain,0,baseline_status_fragile_population,2386249.0,persons,all_blocks,unique_person,,
retain,0,baseline_status_isolated_blocks,143.0,blocks,all_blocks,not_applicable,,
retain,0,baseline_status_isolated_population,15311.0,persons,all_blocks,person_scenario,,
retain,0,baseline_status_isolated_population,15311.0,persons,all_blocks,unique_person,,
retain,0,baseline_status_inundated_blocks,1178.0,blocks,all_blocks,not_applicable,,
retain,0,baseline_status_inundated_population,20155.0,persons,all_blocks,person_scenario,,
retain,0,baseline_status_inundated_population,20155.0,persons,all_blocks,unique_person,,
retain,0,baseline_status_unclassified_blocks,171.0,blocks,all_blocks,not_applicable,,
retain,0,baseline_status_unclassified_population,1847.0,persons,all_blocks,person_scenario,,
retain,0,baseline_status_unclassified_population,1847.0,persons,all_blocks,unique_person,,
retain,0,baseline_fragile_share,0.251036141169814,share,all_blocks,not_applicable,0.247,0.004036141169813989
retain,0,new_fragile_blocks,0.0,blocks,all_blocks,not_applicable,,
retain,0,new_fragile_population,0.0,persons,all_blocks,person_scenario,,
retain,0,new_fragile_population,0.0,persons,all_blocks,unique_person,,
retain,0,new_isolated_blocks,0.0,blocks,all_blocks,not_applicable,,
retain,0,new_isolated_population,0.0,persons,all_blocks,person_scenario,,
retain,0,new_isolated_population,0.0,persons,all_blocks,unique_person,,
retain,0,new_inundated_blocks,0.0,blocks,all_blocks,not_applicable,,
retain,0,new_inundated_population,0.0,persons,all_blocks,person_scenario,,
retain,0,new_inundated_population,0.0,persons,all_blocks,unique_person,,
retain,1,new_fragile_blocks,5.0,blocks,all_blocks,not_applicable,,
retain,1,new_fragile_population,56.0,persons,all_blocks,person_scenario,,
retain,1,new_fragile_population,56.0,persons,all_blocks,unique_person,,
retain,1,new_isolated_blocks,14.0,blocks,all_blocks,not_applicable,,
retain,1,new_isolated_population,614.0,persons,all_blocks,person_scenario,,
retain,1,new_isolated_population,614.0,persons,all_blocks,unique_person,,
retain,1,new_inundated_blocks,113.0,blocks,all_blocks,not_applicable,,
retain,1,new_inundated_population,4853.0,persons,all_blocks,person_scenario,,
retain,1,new_inundated_population,4853.0,persons,all_blocks,unique_person,,
retain,2,new_fragile_blocks,204.0,blocks,all_blocks,not_applicable,,
retain,2,new_fragile_population,12988.0,persons,all_blocks,person_scenario,,
retain,2,new_fragile_population,12988.0,persons,all_blocks,unique_person,,
retain,2,new_isolated_blocks,379.0,blocks,all_blocks,not_applicable,,
retain,2,new_isolated_population,34433.0,persons,all_blocks,person_scenario,,
retain,2,new_isolated_population,34433.0,persons,all_blocks,unique_person,,
retain,2,new_inundated_blocks,312.0,blocks,all_blocks,not_applicable,,
retain,2,new_inundated_population,17435.0,persons,all_blocks,person_scenario,,
retain,2,new_inundated_population,17435.0,persons,all_blocks,unique_person,,
retain,3,new_fragile_blocks,478.0,blocks,all_blocks,not_applicable,,
retain,3,new_fragile_population,41683.0,persons,all_blocks,person_scenario,,
retain,3,new_fragile_population,41683.0,persons,all_blocks,unique_person,,
retain,3,new_isolated_blocks,1206.0,blocks,all_blocks,not_applicable,,
retain,3,new_isolated_population,151594.0,persons,all_blocks,person_scenario,,
retain,3,new_isolated_population,151594.0,persons,all_blocks,unique_person,,
retain,3,new_inundated_blocks,1124.0,blocks,all_blocks,not_applicable,,
retain,3,new_inundated_population,86305.0,persons,all_blocks,person_scenario,,
retain,3,new_inundated_population,86305.0,persons,all_blocks,unique_person,,
retain,4,new_fragile_blocks,735.0,blocks,all_blocks,not_applicable,,
retain,4,new_fragile_population,58613.0,persons,all_blocks,person_scenario,,
retain,4,new_fragile_population,58613.0,persons,all_blocks,unique_person,,
retain,4,new_isolated_blocks,1986.0,blocks,all_blocks,not_applicable,,
retain,4,new_isolated_population,238730.0,persons,all_blocks,person_scenario,,
retain,4,new_isolated_population,238730.0,persons,all_blocks,unique_person,,
retain,4,new_inundated_blocks,2823.0,blocks,all_blocks,not_applicable,,
retain,4,new_inundated_population,251397.0,persons,all_blocks,person_scenario,,
retain,4,new_inundated_population,251397.0,persons,all_blocks,unique_person,,
retain,5,new_fragile_blocks,1217.0,blocks,all_blocks,not_applicable,,
retain,5,new_fragile_population,82979.0,persons,all_blocks,person_scenario,,
retain,5,new_fragile_population,82979.0,persons,all_blocks,unique_person,,
retain,5,new_isolated_blocks,3428.0,blocks,all_blocks,not_applicable,,
retain,5,new_isolated_population,353658.0,persons,all_blocks,person_scenario,,
retain,5,new_isolated_population,353658.0,persons,all_blocks,unique_person,,
retain,5,new_inundated_blocks,6400.0,blocks,all_blocks,not_applicable,,
retain,5,new_inundated_population,575301.0,persons,all_blocks,person_scenario,,
retain,5,new_inundated_population,575301.0,persons,all_blocks,unique_person,,
retain,6,new_fragile_blocks,1381.0,blocks,all_blocks,not_applicable,,
retain,6,new_fragile_population,90028.0,persons,all_blocks,person_scenario,,
retain,6,new_fragile_population,90028.0,persons,all_blocks,unique_person,,
retain,6,new_isolated_blocks,6459.0,blocks,all_blocks,not_applicable,,
retain,6,new_isolated_population,641821.0,persons,all_blocks,person_scenario,,
retain,6,new_isolated_population,641821.0,persons,all_blocks,unique_person,,
retain,6,new_inundated_blocks,13551.0,blocks,all_blocks,not_applicable,,
retain,6,new_inundated_population,1328770.0,persons,all_blocks,person_scenario,,
retain,6,new_inundated_population,1328770.0,persons,all_blocks,unique_person,,
retain,1,cumulative_newly_affected_population,5523.0,persons,all_blocks,person_scenario,,
retain,1,cumulative_newly_affected_population,5523.0,persons,all_blocks,unique_person,,
retain,2,cumulative_newly_affected_population,70379.0,persons,all_blocks,person_scenario,,
retain,2,cumulative_newly_affected_population,64856.0,persons,all_blocks,unique_person,,
retain,3,cumulative_newly_affected_population,349961.0,persons,all_blocks,person_scenario,,
retain,3,cumulative_newly_affected_population,279582.0,persons,all_blocks,unique_person,,
retain,4,cumulative_newly_affected_population,898701.0,persons,all_blocks,person_scenario,,
retain,4,cumulative_newly_affected_population,548740.0,persons,all_blocks,unique_person,,
retain,5,cumulative_newly_affected_population,1910639.0,persons,all_blocks,person_scenario,,
retain,5,cumulative_newly_affected_population,1011938.0,persons,all_blocks,unique_person,,
retain,6,cumulative_newly_affected_population,3971258.0,persons,all_blocks,person_scenario,660000.0,3311258.0
retain,6,cumulative_newly_affected_population,2060619.0,persons,all_blocks,unique_person,660000.0,1400619.0
retain,0,baseline_status_redundant_blocks,40439.0,blocks,analysis_universe,not_applicable,,
retain,0,baseline_status_redundant_population,3714651.0,persons,analysis_universe,person_scenario,,
retain,0,baseline_status_redundant_population,3714651.0,persons,analysis_universe,unique_person,,
retain,0,baseline_status_fragile_blocks,14722.0,blocks,analysis_universe,not_applicable,,
retain,0,baseline_status_fragile_population,2385673.0,persons,analysis_universe,person_scenario,,
retain,0,baseline_status_fragile_population,2385673.0,persons,analysis_universe,unique_person,,
retain,0,baseline_status_isolated_blocks,127.0,blocks,analysis_universe,not_applicable,,
retain,0,baseline_status_isolated_population,15311.0,persons,analysis_universe,person_scenario,,
retain,0,baseline_status_isolated_population,15311.0,persons,analysis_universe,unique_person,,
retain,0,baseline_status_inundated_blocks,93.0,blocks,analysis_universe,not_applicable,,
retain,0,baseline_status_inundated_population,20053.0,persons,analysis_universe,person_scenario,,
retain,0,baseline_status_inundated_population,20053.0,persons,analysis_universe,unique_person,,
retain,0,baseline_status_unclassified_blocks,0.0,blocks,analysis_universe,not_applicable,,
retain,0,baseline_status_unclassified_population,0.0,persons,analysis_universe,person_scenario,,
retain,0,baseline_status_unclassified_population,0.0,persons,analysis_universe,unique_person,,
retain,0,baseline_fragile_share,0.265831241761615,share,analysis_universe,not_applicable,0.247,0.018831241761614992
retain,0,new_fragile_blocks,0.0,blocks,analysis_universe,not_applicable,,
retain,0,new_fragile_population,0.0,persons,analysis_universe,person_scenario,,
retain,0,new_fragile_population,0.0,persons,analysis_universe,unique_person,,
retain,0,new_isolated_blocks,0.0,blocks,analysis_universe,not_applicable,,
retain,0,new_isolated_population,0.0,persons,analysis_universe,person_scenario,,
retain,0,new_isolated_population,0.0,persons,analysis_universe,unique_person,,
retain,0,new_inundated_blocks,0.0,blocks,analysis_universe,not_applicable,,
retain,0,new_inundated_population,0.0,persons,analysis_universe,person_scenario,,
retain,0,new_inundated_population,0.0,persons,analysis_universe,unique_person,,
retain,1,new_fragile_blocks,3.0,blocks,analysis_universe,not_applicable,,
retain,1,new_fragile_population,56.0,persons,analysis_universe,person_scenario,,
retain,1,new_fragile_population,56.0,persons,analysis_universe,unique_person,,
retain,1,new_isolated_blocks,13.0,blocks,analysis_universe,not_applicable,,
retain,1,new_isolated_population,614.0,persons,analysis_universe,person_scenario,,
retain,1,new_isolated_population,614.0,persons,analysis_universe,unique_person,,
retain,1,new_inundated_blocks,27.0,blocks,analysis_universe,not_applicable,,
retain,1,new_inundated_population,4853.0,persons,analysis_universe,person_scenario,,
retain,1,new_inundated_population,4853.0,persons,analysis_universe,unique_person,,
retain,2,new_fragile_blocks,160.0,blocks,analysis_universe,not_applicable,,
retain,2,new_fragile_population,12988.0,persons,analysis_universe,person_scenario,,
retain,2,new_fragile_population,12988.0,persons,analysis_universe,unique_person,,
retain,2,new_isolated_blocks,328.0,blocks,analysis_universe,not_applicable,,
retain,2,new_isolated_population,34433.0,persons,analysis_universe,person_scenario,,
retain,2,new_isolated_population,34433.0,persons,analysis_universe,unique_person,,
retain,2,new_inundated_blocks,155.0,blocks,analysis_universe,not_applicable,,
retain,2,new_inundated_population,17435.0,persons,analysis_universe,person_scenario,,
retain,2,new_inundated_population,17435.0,persons,analysis_universe,unique_person,,
retain,3,new_fragile_blocks,381.0,blocks,analysis_universe,not_applicable,,
retain,3,new_fragile_population,41683.0,persons,analysis_universe,person_scenario,,
retain,3,new_fragile_population,41683.0,persons,analysis_universe,unique_person,,
retain,3,new_isolated_blocks,1054.0,blocks,analysis_universe,not_applicable,,
retain,3,new_isolated_population,151594.0,persons,analysis_universe,person_scenario,,
retain,3,new_isolated_population,151594.0,persons,analysis_universe,unique_person,,
retain,3,new_inundated_blocks,758.0,blocks,analysis_universe,not_applicable,,
retain,3,new_inundated_population,86305.0,persons,analysis_universe,person_scenario,,
retain,3,new_inundated_population,86305.0,persons,analysis_universe,unique_person,,
retain,4,new_fragile_blocks,561.0,blocks,analysis_universe,not_applicable,,
retain,4,new_fragile_population,58613.0,persons,analysis_universe,person_scenario,,
retain,4,new_fragile_population,58613.0,persons,analysis_universe,unique_person,,
retain,4,new_isolated_blocks,1642.0,blocks,analysis_universe,not_applicable,,
retain,4,new_isolated_population,238730.0,persons,analysis_universe,person_scenario,,
retain,4,new_isolated_population,238730.0,persons,analysis_universe,unique_person,,
retain,4,new_inundated_blocks,2001.0,blocks,analysis_universe,not_applicable,,
retain,4,new_inundated_population,251366.0,persons,analysis_universe,person_scenario,,
retain,4,new_inundated_population,251366.0,persons,analysis_universe,unique_person,,
retain,5,new_fragile_blocks,897.0,blocks,analysis_universe,not_applicable,,
retain,5,new_fragile_population,82979.0,persons,analysis_universe,person_scenario,,
retain,5,new_fragile_population,82979.0,persons,analysis_universe,unique_person,,
retain,5,new_isolated_blocks,2868.0,blocks,analysis_universe,not_applicable,,
retain,5,new_isolated_population,353658.0,persons,analysis_universe,person_scenario,,
retain,5,new_isolated_population,353658.0,persons,analysis_universe,unique_person,,
retain,5,new_inundated_blocks,4690.0,blocks,analysis_universe,not_applicable,,
retain,5,new_inundated_population,575265.0,persons,analysis_universe,person_scenario,,
retain,5,new_inundated_population,575265.0,persons,analysis_universe,unique_person,,
retain,6,new_fragile_blocks,923.0,blocks,analysis_universe,not_applicable,,
retain,6,new_fragile_population,90028.0,persons,analysis_universe,person_scenario,,
retain,6,new_fragile_population,90028.0,persons,analysis_universe,unique_person,,
retain,6,new_isolated_blocks,5409.0,blocks,analysis_universe,not_applicable,,
retain,6,new_isolated_population,641821.0,persons,analysis_universe,person_scenario,,
retain,6,new_isolated_population,641821.0,persons,analysis_universe,unique_person,,
retain,6,new_inundated_blocks,10301.0,blocks,analysis_universe,not_applicable,,
retain,6,new_inundated_population,1326887.0,persons,analysis_universe,person_scenario,,
retain,6,new_inundated_population,1326887.0,persons,analysis_universe,unique_person,,
retain,1,cumulative_newly_affected_population,5523.0,persons,analysis_universe,person_scenario,,
retain,1,cumulative_newly_affected_population,5523.0,persons,analysis_universe,unique_person,,
retain,2,cumulative_newly_affected_population,70379.0,persons,analysis_universe,person_scenario,,
retain,2,cumulative_newly_affected_population,64856.0,persons,analysis_universe,unique_person,,
retain,3,cumulative_newly_affected_population,349961.0,persons,analysis_universe,person_scenario,,
retain,3,cumulative_newly_affected_population,279582.0,persons,analysis_universe,unique_person,,
retain,4,cumulative_newly_affected_population,898670.0,persons,analysis_universe,person_scenario,,
retain,4,cumulative_newly_affected_population,548709.0,persons,analysis_universe,unique_person,,
retain,5,cumulative_newly_affected_population,1910572.0,persons,analysis_universe,person_scenario,,
retain,5,cumulative_newly_affected_population,1011902.0,persons,analysis_universe,unique_person,,
retain,6,cumulative_newly_affected_population,3969308.0,persons,analysis_universe,person_scenario,660000.0,3309308.0
retain,6,cumulative_newly_affected_population,2058736.0,persons,analysis_universe,unique_person,660000.0,1398736.0
