comparison,other_arm,slr_ft,variable,differing_blocks_total,invariant_blocks_total,differing_blocks_nonmissing,invariant_blocks_nonmissing,differing_missing_blocks,invariant_missing_blocks,differing_block_weighted_mean,invariant_block_weighted_mean,mean_difference_differing_minus_invariant,differing_block_weighted_median,invariant_block_weighted_median,median_difference_differing_minus_invariant,differing_block_weighted_sd,invariant_block_weighted_sd,pooled_descriptive_sd,standardized_mean_difference,absolute_standardized_mean_difference,abs_smd_band,weighting,inference,source_demographics,source_approach,source_other,smd_definition
approach_vs_intersect,intersect,0,pct_black_nh,744,67777,744,67583,0,194,0.0472026371996,0.197539329408,-0.150336692209,0,0.0796963946869,-0.0796963946869,0.15535493883,0.254572096632,0.210881612999,-0.712896160412,0.712896160412,ge_0.50,each eligible block has weight 1; block-group value repeats across its blocks,descriptive only; no pseudo-replication p-values computed,data/processed/analysis/block_group_analysis_dataset_approach.csv,data/processed/access/edited/della_runs/positive_layer_20260814_approach/block_access_flags_long.parquet,data/processed/access/edited/della_runs/positive_layer_20260814_intersect/block_access_flags_long.parquet,(block-weighted mean differing - block-weighted mean invariant) / sqrt((SD_differing^2 + SD_invariant^2) / 2)
approach_vs_intersect,intersect,0,pct_hispanic,744,67777,744,67583,0,194,0.261666947866,0.44439904221,-0.182732094344,0.174791086351,0.385572139303,-0.210781052953,0.246560423917,0.297331325402,0.273128138158,-0.669034305934,0.669034305934,ge_0.50,each eligible block has weight 1; block-group value repeats across its blocks,descriptive only; no pseudo-replication p-values computed,data/processed/analysis/block_group_analysis_dataset_approach.csv,data/processed/access/edited/della_runs/positive_layer_20260814_approach/block_access_flags_long.parquet,data/processed/access/edited/della_runs/positive_layer_20260814_intersect/block_access_flags_long.parquet,(block-weighted mean differing - block-weighted mean invariant) / sqrt((SD_differing^2 + SD_invariant^2) / 2)
approach_vs_intersect,intersect,0,renter_share,744,67777,744,67433,0,344,0.27537313337,0.358445202134,-0.0830720687644,0.201716738197,0.297225891678,-0.0955091534803,0.248831068991,0.280261998737,0.265012913677,-0.313464229391,0.313464229391,0.20_to_lt_0.50,each eligible block has weight 1; block-group value repeats across its blocks,descriptive only; no pseudo-replication p-values computed,data/processed/analysis/block_group_analysis_dataset_approach.csv,data/processed/access/edited/della_runs/positive_layer_20260814_approach/block_access_flags_long.parquet,data/processed/access/edited/della_runs/positive_layer_20260814_intersect/block_access_flags_long.parquet,(block-weighted mean differing - block-weighted mean invariant) / sqrt((SD_differing^2 + SD_invariant^2) / 2)
approach_vs_intersect,intersect,0,log_median_income,744,67777,668,62695,76,5082,11.6168708592,11.2234257125,0.393445146684,11.6960050677,11.2287306383,0.467274429372,0.554425169567,0.524494925142,0.539667580622,0.729050920995,0.729050920995,ge_0.50,each eligible block has weight 1; block-group value repeats across its blocks,descriptive only; no pseudo-replication p-values computed,data/processed/analysis/block_group_analysis_dataset_approach.csv,data/processed/access/edited/della_runs/positive_layer_20260814_approach/block_access_flags_long.parquet,data/processed/access/edited/della_runs/positive_layer_20260814_intersect/block_access_flags_long.parquet,(block-weighted mean differing - block-weighted mean invariant) / sqrt((SD_differing^2 + SD_invariant^2) / 2)
approach_vs_intersect,intersect,0,pct_age_65plus,744,67777,744,67583,0,194,0.3138602288,0.189908156513,0.123952072286,0.263950892857,0.15609936967,0.107851523187,0.194365919495,0.142701516951,0.170501955416,0.726983288749,0.726983288749,ge_0.50,each eligible block has weight 1; block-group value repeats across its blocks,descriptive only; no pseudo-replication p-values computed,data/processed/analysis/block_group_analysis_dataset_approach.csv,data/processed/access/edited/della_runs/positive_layer_20260814_approach/block_access_flags_long.parquet,data/processed/access/edited/della_runs/positive_layer_20260814_intersect/block_access_flags_long.parquet,(block-weighted mean differing - block-weighted mean invariant) / sqrt((SD_differing^2 + SD_invariant^2) / 2)
approach_vs_intersect,intersect,0,no_vehicle_share,744,67777,744,67433,0,344,0.0663424029213,0.0711838755101,-0.00484147258877,0.0477326968974,0.0352303523035,0.0125023445939,0.0879961758285,0.0978559694619,0.0930567507486,-0.052027096904,0.052027096904,lt_0.10,each eligible block has weight 1; block-group value repeats across its blocks,descriptive only; no pseudo-replication p-values computed,data/processed/analysis/block_group_analysis_dataset_approach.csv,data/processed/access/edited/della_runs/positive_layer_20260814_approach/block_access_flags_long.parquet,data/processed/access/edited/della_runs/positive_layer_20260814_intersect/block_access_flags_long.parquet,(block-weighted mean differing - block-weighted mean invariant) / sqrt((SD_differing^2 + SD_invariant^2) / 2)
approach_vs_intersect,intersect,1,pct_black_nh,744,67777,744,67583,0,194,0.0489669829566,0.197519906281,-0.148552923324,0,0.0794912559618,-0.0794912559618,0.157409275182,0.254569624878,0.21164046615,-0.701911718618,0.701911718618,ge_0.50,each eligible block has weight 1; block-group value repeats across its blocks,descriptive only; no pseudo-replication p-values computed,data/processed/analysis/block_group_analysis_dataset_approach.csv,data/processed/access/edited/della_runs/positive_layer_20260814_approach/block_access_flags_long.parquet,data/processed/access/edited/della_runs/positive_layer_20260814_intersect/block_access_flags_long.parquet,(block-weighted mean differing - block-weighted mean invariant) / sqrt((SD_differing^2 + SD_invariant^2) / 2)
approach_vs_intersect,intersect,1,pct_hispanic,744,67777,744,67583,0,194,0.25977636318,0.444419855062,-0.184643491883,0.167297501893,0.385572139303,-0.218274637411,0.245258058003,0.297330309273,0.272540664698,-0.677489695299,0.677489695299,ge_0.50,each eligible block has weight 1; block-group value repeats across its blocks,descriptive only; no pseudo-replication p-values computed,data/processed/analysis/block_group_analysis_dataset_approach.csv,data/processed/access/edited/della_runs/positive_layer_20260814_approach/block_access_flags_long.parquet,data/processed/access/edited/della_runs/positive_layer_20260814_intersect/block_access_flags_long.parquet,(block-weighted mean differing - block-weighted mean invariant) / sqrt((SD_differing^2 + SD_invariant^2) / 2)
approach_vs_intersect,intersect,1,renter_share,744,67777,742,67435,2,342,0.277551646262,0.35841876778,-0.080867121518,0.201716738197,0.297225891678,-0.0955091534803,0.248890356588,0.280267916188,0.265043877921,-0.305108430167,0.305108430167,0.20_to_lt_0.50,each eligible block has weight 1; block-group value repeats across its blocks,descriptive only; no pseudo-replication p-values computed,data/processed/analysis/block_group_analysis_dataset_approach.csv,data/processed/access/edited/della_runs/positive_layer_20260814_approach/block_access_flags_long.parquet,data/processed/access/edited/della_runs/positive_layer_20260814_intersect/block_access_flags_long.parquet,(block-weighted mean differing - block-weighted mean invariant) / sqrt((SD_differing^2 + SD_invariant^2) / 2)
approach_vs_intersect,intersect,1,log_median_income,744,67777,666,62697,78,5080,11.6077516602,11.223535132,0.384216528113,11.6960050677,11.2287306383,0.467274429372,0.552559443448,0.52459330166,0.538757863372,0.713152520332,0.713152520332,ge_0.50,each eligible block has weight 1; block-group value repeats across its blocks,descriptive only; no pseudo-replication p-values computed,data/processed/analysis/block_group_analysis_dataset_approach.csv,data/processed/access/edited/della_runs/positive_layer_20260814_approach/block_access_flags_long.parquet,data/processed/access/edited/della_runs/positive_layer_20260814_intersect/block_access_flags_long.parquet,(block-weighted mean differing - block-weighted mean invariant) / sqrt((SD_differing^2 + SD_invariant^2) / 2)
approach_vs_intersect,intersect,1,pct_age_65plus,744,67777,744,67583,0,194,0.311064897786,0.189938929434,0.121125968353,0.263950892857,0.15609936967,0.107851523187,0.194470980883,0.142726366494,0.170572239972,0.710115364449,0.710115364449,ge_0.50,each eligible block has weight 1; block-group value repeats across its blocks,descriptive only; no pseudo-replication p-values computed,data/processed/analysis/block_group_analysis_dataset_approach.csv,data/processed/access/edited/della_runs/positive_layer_20260814_approach/block_access_flags_long.parquet,data/processed/access/edited/della_runs/positive_layer_20260814_intersect/block_access_flags_long.parquet,(block-weighted mean differing - block-weighted mean invariant) / sqrt((SD_differing^2 + SD_invariant^2) / 2)
approach_vs_intersect,intersect,1,no_vehicle_share,744,67777,742,67435,2,342,0.0658905137671,0.0711887041422,-0.00529819037506,0.0477326968974,0.0352303523035,0.0125023445939,0.0872998549645,0.0978622908661,0.0927315821346,-0.0571346919043,0.0571346919043,lt_0.10,each eligible block has weight 1; block-group value repeats across its blocks,descriptive only; no pseudo-replication p-values computed,data/processed/analysis/block_group_analysis_dataset_approach.csv,data/processed/access/edited/della_runs/positive_layer_20260814_approach/block_access_flags_long.parquet,data/processed/access/edited/della_runs/positive_layer_20260814_intersect/block_access_flags_long.parquet,(block-weighted mean differing - block-weighted mean invariant) / sqrt((SD_differing^2 + SD_invariant^2) / 2)
approach_vs_intersect,intersect,2,pct_black_nh,666,67855,665,67662,1,193,0.0630357508361,0.197208189045,-0.134172438209,0,0.0789473684211,-0.0789473684211,0.173149779741,0.254504816197,0.217662063405,-0.616425462986,0.616425462986,ge_0.50,each eligible block has weight 1; block-group value repeats across its blocks,descriptive only; no pseudo-replication p-values computed,data/processed/analysis/block_group_analysis_dataset_approach.csv,data/processed/access/edited/della_runs/positive_layer_20260814_approach/block_access_flags_long.parquet,data/processed/access/edited/della_runs/positive_layer_20260814_intersect/block_access_flags_long.parquet,(block-weighted mean differing - block-weighted mean invariant) / sqrt((SD_differing^2 + SD_invariant^2) / 2)
approach_vs_intersect,intersect,2,pct_hispanic,666,67855,665,67662,1,193,0.246036288031,0.444339312278,-0.198303024247,0.151300236407,0.385572139303,-0.234271902897,0.246745710981,0.297242689221,0.273163561061,-0.725949769716,0.725949769716,ge_0.50,each eligible block has weight 1; block-group value repeats across its blocks,descriptive only; no pseudo-replication p-values computed,data/processed/analysis/block_group_analysis_dataset_approach.csv,data/processed/access/edited/della_runs/positive_layer_20260814_approach/block_access_flags_long.parquet,data/processed/access/edited/della_runs/positive_layer_20260814_intersect/block_access_flags_long.parquet,(block-weighted mean differing - block-weighted mean invariant) / sqrt((SD_differing^2 + SD_invariant^2) / 2)
approach_vs_intersect,intersect,2,renter_share,666,67855,663,67514,3,341,0.274820792298,0.358350960415,-0.0835301681171,0.14135021097,0.297405189621,-0.15605497865,0.269951070842,0.280047793205,0.275045766308,-0.303695523979,0.303695523979,0.20_to_lt_0.50,each eligible block has weight 1; block-group value repeats across its blocks,descriptive only; no pseudo-replication p-values computed,data/processed/analysis/block_group_analysis_dataset_approach.csv,data/processed/access/edited/della_runs/positive_layer_20260814_approach/block_access_flags_long.parquet,data/processed/access/edited/della_runs/positive_layer_20260814_intersect/block_access_flags_long.parquet,(block-weighted mean differing - block-weighted mean invariant) / sqrt((SD_differing^2 + SD_invariant^2) / 2)
approach_vs_intersect,intersect,2,log_median_income,666,67855,606,62757,60,5098,11.5956521568,11.2240193058,0.371632851067,11.6960050677,11.2287970707,0.46720799699,0.591068625777,0.524434587613,0.558745808514,0.665119711691,0.665119711691,ge_0.50,each eligible block has weight 1; block-group value repeats across its blocks,descriptive only; no pseudo-replication p-values computed,data/processed/analysis/block_group_analysis_dataset_approach.csv,data/processed/access/edited/della_runs/positive_layer_20260814_approach/block_access_flags_long.parquet,data/processed/access/edited/della_runs/positive_layer_20260814_intersect/block_access_flags_long.parquet,(block-weighted mean differing - block-weighted mean invariant) / sqrt((SD_differing^2 + SD_invariant^2) / 2)
approach_vs_intersect,intersect,2,pct_age_65plus,666,67855,665,67662,1,193,0.309165329319,0.190099021724,0.119066307596,0.265993265993,0.156172533466,0.109820732528,0.200548460643,0.142790826062,0.174081740964,0.683967812686,0.683967812686,ge_0.50,each eligible block has weight 1; block-group value repeats across its blocks,descriptive only; no pseudo-replication p-values computed,data/processed/analysis/block_group_analysis_dataset_approach.csv,data/processed/access/edited/della_runs/positive_layer_20260814_approach/block_access_flags_long.parquet,data/processed/access/edited/della_runs/positive_layer_20260814_intersect/block_access_flags_long.parquet,(block-weighted mean differing - block-weighted mean invariant) / sqrt((SD_differing^2 + SD_invariant^2) / 2)
approach_vs_intersect,intersect,2,no_vehicle_share,666,67855,663,67514,3,341,0.0631601050158,0.0712093177033,-0.00804921268743,0.0392156862745,0.0353356890459,0.00387999722857,0.0934717451694,0.0977930186114,0.0956567865709,-0.0841468020825,0.0841468020825,lt_0.10,each eligible block has weight 1; block-group value repeats across its blocks,descriptive only; no pseudo-replication p-values computed,data/processed/analysis/block_group_analysis_dataset_approach.csv,data/processed/access/edited/della_runs/positive_layer_20260814_approach/block_access_flags_long.parquet,data/processed/access/edited/della_runs/positive_layer_20260814_intersect/block_access_flags_long.parquet,(block-weighted mean differing - block-weighted mean invariant) / sqrt((SD_differing^2 + SD_invariant^2) / 2)
approach_vs_intersect,intersect,3,pct_black_nh,545,67976,544,67783,1,193,0.0754977813207,0.196868661293,-0.121370879973,0.00439882697947,0.0789245446661,-0.0745257176866,0.181669394255,0.25444840442,0.221074375856,-0.549004738802,0.549004738802,ge_0.50,each eligible block has weight 1; block-group value repeats across its blocks,descriptive only; no pseudo-replication p-values computed,data/processed/analysis/block_group_analysis_dataset_approach.csv,data/processed/access/edited/della_runs/positive_layer_20260814_approach/block_access_flags_long.parquet,data/processed/access/edited/della_runs/positive_layer_20260814_intersect/block_access_flags_long.parquet,(block-weighted mean differing - block-weighted mean invariant) / sqrt((SD_differing^2 + SD_invariant^2) / 2)
approach_vs_intersect,intersect,3,pct_hispanic,545,67976,544,67783,1,193,0.242996978957,0.444009712204,-0.201012733247,0.123074400586,0.385214007782,-0.262139607196,0.25399760342,0.297212769314,0.276450911362,-0.727119083299,0.727119083299,ge_0.50,each eligible block has weight 1; block-group value repeats across its blocks,descriptive only; no pseudo-replication p-values computed,data/processed/analysis/block_group_analysis_dataset_approach.csv,data/processed/access/edited/della_runs/positive_layer_20260814_approach/block_access_flags_long.parquet,data/processed/access/edited/della_runs/positive_layer_20260814_intersect/block_access_flags_long.parquet,(block-weighted mean differing - block-weighted mean invariant) / sqrt((SD_differing^2 + SD_invariant^2) / 2)
approach_vs_intersect,intersect,3,renter_share,545,67976,542,67635,3,341,0.290668574593,0.358074525901,-0.0674059513081,0.202863961814,0.29718875502,-0.0943247932062,0.275140056955,0.280046098061,0.277603915661,-0.242813402497,0.242813402497,0.20_to_lt_0.50,each eligible block has weight 1; block-group value repeats across its blocks,descriptive only; no pseudo-replication p-values computed,data/processed/analysis/block_group_analysis_dataset_approach.csv,data/processed/access/edited/della_runs/positive_layer_20260814_approach/block_access_flags_long.parquet,data/processed/access/edited/della_runs/positive_layer_20260814_intersect/block_access_flags_long.parquet,(block-weighted mean differing - block-weighted mean invariant) / sqrt((SD_differing^2 + SD_invariant^2) / 2)
approach_vs_intersect,intersect,3,log_median_income,545,67976,495,62868,50,5108,11.504196692,11.2253955497,0.278801142293,11.5575067844,11.2289631322,0.328543652197,0.570468113151,0.525416243301,0.54840500401,0.508385481996,0.508385481996,ge_0.50,each eligible block has weight 1; block-group value repeats across its blocks,descriptive only; no pseudo-replication p-values computed,data/processed/analysis/block_group_analysis_dataset_approach.csv,data/processed/access/edited/della_runs/positive_layer_20260814_approach/block_access_flags_long.parquet,data/processed/access/edited/della_runs/positive_layer_20260814_intersect/block_access_flags_long.parquet,(block-weighted mean differing - block-weighted mean invariant) / sqrt((SD_differing^2 + SD_invariant^2) / 2)
approach_vs_intersect,intersect,3,pct_age_65plus,545,67976,544,67783,1,193,0.315288253468,0.190262427777,0.125025825692,0.267232863902,0.156172533466,0.111060330437,0.198015256852,0.142989461537,0.172707886411,0.723914977423,0.723914977423,ge_0.50,each eligible block has weight 1; block-group value repeats across its blocks,descriptive only; no pseudo-replication p-values computed,data/processed/analysis/block_group_analysis_dataset_approach.csv,data/processed/access/edited/della_runs/positive_layer_20260814_approach/block_access_flags_long.parquet,data/processed/access/edited/della_runs/positive_layer_20260814_intersect/block_access_flags_long.parquet,(block-weighted mean differing - block-weighted mean invariant) / sqrt((SD_differing^2 + SD_invariant^2) / 2)
approach_vs_intersect,intersect,3,no_vehicle_share,545,67976,542,67635,3,341,0.0521688920797,0.0712829967552,-0.0191141046755,0.0357142857143,0.0353378797272,0.000376405987069,0.0769283537356,0.097889065838,0.088034768186,-0.217119952371,0.217119952371,0.20_to_lt_0.50,each eligible block has weight 1; block-group value repeats across its blocks,descriptive only; no pseudo-replication p-values computed,data/processed/analysis/block_group_analysis_dataset_approach.csv,data/processed/access/edited/della_runs/positive_layer_20260814_approach/block_access_flags_long.parquet,data/processed/access/edited/della_runs/positive_layer_20260814_intersect/block_access_flags_long.parquet,(block-weighted mean differing - block-weighted mean invariant) / sqrt((SD_differing^2 + SD_invariant^2) / 2)
approach_vs_intersect,intersect,4,pct_black_nh,558,67963,558,67769,0,194,0.126126868518,0.196476862118,-0.0703499935999,0.00529901589705,0.0787801778907,-0.0734811619937,0.235969242596,0.254246033376,0.245277933107,-0.286817459315,0.286817459315,0.20_to_lt_0.50,each eligible block has weight 1; block-group value repeats across its blocks,descriptive only; no pseudo-replication p-values computed,data/processed/analysis/block_group_analysis_dataset_approach.csv,data/processed/access/edited/della_runs/positive_layer_20260814_approach/block_access_flags_long.parquet,data/processed/access/edited/della_runs/positive_layer_20260814_intersect/block_access_flags_long.parquet,(block-weighted mean differing - block-weighted mean invariant) / sqrt((SD_differing^2 + SD_invariant^2) / 2)
approach_vs_intersect,intersect,4,pct_hispanic,558,67963,558,67769,0,194,0.449097792657,0.442354234393,0.00674355826414,0.400286944046,0.381892048752,0.0183948952937,0.345356959974,0.29700453902,0.322089371139,0.0209369164847,0.0209369164847,lt_0.10,each eligible block has weight 1; block-group value repeats across its blocks,descriptive only; no pseudo-replication p-values computed,data/processed/analysis/block_group_analysis_dataset_approach.csv,data/processed/access/edited/della_runs/positive_layer_20260814_approach/block_access_flags_long.parquet,data/processed/access/edited/della_runs/positive_layer_20260814_intersect/block_access_flags_long.parquet,(block-weighted mean differing - block-weighted mean invariant) / sqrt((SD_differing^2 + SD_invariant^2) / 2)
approach_vs_intersect,intersect,4,renter_share,558,67963,555,67622,3,341,0.3781655582,0.357369362662,0.0207961955374,0.263636363636,0.296675191816,-0.0330388281795,0.322410249776,0.279691855597,0.301807805771,0.0689054263668,0.0689054263668,lt_0.10,each eligible block has weight 1; block-group value repeats across its blocks,descriptive only; no pseudo-replication p-values computed,data/processed/analysis/block_group_analysis_dataset_approach.csv,data/processed/access/edited/della_runs/positive_layer_20260814_approach/block_access_flags_long.parquet,data/processed/access/edited/della_runs/positive_layer_20260814_intersect/block_access_flags_long.parquet,(block-weighted mean differing - block-weighted mean invariant) / sqrt((SD_differing^2 + SD_invariant^2) / 2)
approach_vs_intersect,intersect,4,log_median_income,558,67963,477,62886,81,5077,11.2629846224,11.2273049823,0.0356796401055,11.2625520224,11.2295540881,0.0329979342893,0.633134560863,0.52545497108,0.581791328052,0.0613272119834,0.0613272119834,lt_0.10,each eligible block has weight 1; block-group value repeats across its blocks,descriptive only; no pseudo-replication p-values computed,data/processed/analysis/block_group_analysis_dataset_approach.csv,data/processed/access/edited/della_runs/positive_layer_20260814_approach/block_access_flags_long.parquet,data/processed/access/edited/della_runs/positive_layer_20260814_intersect/block_access_flags_long.parquet,(block-weighted mean differing - block-weighted mean invariant) / sqrt((SD_differing^2 + SD_invariant^2) / 2)
approach_vs_intersect,intersect,4,pct_age_65plus,558,67963,558,67769,0,194,0.224078111721,0.190987610346,0.0330905013754,0.179586563307,0.156483790524,0.0231027727838,0.170148776087,0.143673144866,0.157468375491,0.210140615677,0.210140615677,0.20_to_lt_0.50,each eligible block has weight 1; block-group value repeats across its blocks,descriptive only; no pseudo-replication p-values computed,data/processed/analysis/block_group_analysis_dataset_approach.csv,data/processed/access/edited/della_runs/positive_layer_20260814_approach/block_access_flags_long.parquet,data/processed/access/edited/della_runs/positive_layer_20260814_intersect/block_access_flags_long.parquet,(block-weighted mean differing - block-weighted mean invariant) / sqrt((SD_differing^2 + SD_invariant^2) / 2)
approach_vs_intersect,intersect,4,no_vehicle_share,558,67963,555,67622,3,341,0.0655801509281,0.071176599942,-0.00559644901387,0.036036036036,0.0353378797272,0.00069815630882,0.0974327133664,0.0977565009486,0.0975947414353,-0.0573437557348,0.0573437557348,lt_0.10,each eligible block has weight 1; block-group value repeats across its blocks,descriptive only; no pseudo-replication p-values computed,data/processed/analysis/block_group_analysis_dataset_approach.csv,data/processed/access/edited/della_runs/positive_layer_20260814_approach/block_access_flags_long.parquet,data/processed/access/edited/della_runs/positive_layer_20260814_intersect/block_access_flags_long.parquet,(block-weighted mean differing - block-weighted mean invariant) / sqrt((SD_differing^2 + SD_invariant^2) / 2)
approach_vs_intersect,intersect,5,pct_black_nh,694,67827,693,67634,1,193,0.152479699238,0.196347263653,-0.0438675644156,0.0285986653956,0.0784720428077,-0.0498733774121,0.230348304524,0.254375173625,0.242659298559,-0.180778419274,0.180778419274,0.10_to_lt_0.20,each eligible block has weight 1; block-group value repeats across its blocks,descriptive only; no pseudo-replication p-values computed,data/processed/analysis/block_group_analysis_dataset_approach.csv,data/processed/access/edited/della_runs/positive_layer_20260814_approach/block_access_flags_long.parquet,data/processed/access/edited/della_runs/positive_layer_20260814_intersect/block_access_flags_long.parquet,(block-weighted mean differing - block-weighted mean invariant) / sqrt((SD_differing^2 + SD_invariant^2) / 2)
approach_vs_intersect,intersect,5,pct_hispanic,694,67827,693,67634,1,193,0.440794321354,0.44242585407,-0.00163153271585,0.400286944046,0.381859287341,0.0184276567052,0.298739478919,0.29741765644,0.298079300378,-0.00547348545769,0.00547348545769,lt_0.10,each eligible block has weight 1; block-group value repeats across its blocks,descriptive only; no pseudo-replication p-values computed,data/processed/analysis/block_group_analysis_dataset_approach.csv,data/processed/access/edited/della_runs/positive_layer_20260814_approach/block_access_flags_long.parquet,data/processed/access/edited/della_runs/positive_layer_20260814_intersect/block_access_flags_long.parquet,(block-weighted mean differing - block-weighted mean invariant) / sqrt((SD_differing^2 + SD_invariant^2) / 2)
approach_vs_intersect,intersect,5,renter_share,694,67827,690,67487,4,340,0.42305253134,0.356868829258,0.0661837020826,0.37158112673,0.296178343949,0.0754027827808,0.314264979993,0.279621570577,0.297448063014,0.222505070001,0.222505070001,0.20_to_lt_0.50,each eligible block has weight 1; block-group value repeats across its blocks,descriptive only; no pseudo-replication p-values computed,data/processed/analysis/block_group_analysis_dataset_approach.csv,data/processed/access/edited/della_runs/positive_layer_20260814_approach/block_access_flags_long.parquet,data/processed/access/edited/della_runs/positive_layer_20260814_intersect/block_access_flags_long.parquet,(block-weighted mean differing - block-weighted mean invariant) / sqrt((SD_differing^2 + SD_invariant^2) / 2)
approach_vs_intersect,intersect,5,log_median_income,694,67827,603,62760,91,5067,11.2393782635,11.2274601607,0.0119181027359,11.2625520224,11.2295540881,0.0329979342893,0.566207557392,0.525956900316,0.546452952704,0.021809933823,0.021809933823,lt_0.10,each eligible block has weight 1; block-group value repeats across its blocks,descriptive only; no pseudo-replication p-values computed,data/processed/analysis/block_group_analysis_dataset_approach.csv,data/processed/access/edited/della_runs/positive_layer_20260814_approach/block_access_flags_long.parquet,data/processed/access/edited/della_runs/positive_layer_20260814_intersect/block_access_flags_long.parquet,(block-weighted mean differing - block-weighted mean invariant) / sqrt((SD_differing^2 + SD_invariant^2) / 2)
approach_vs_intersect,intersect,5,pct_age_65plus,694,67827,693,67634,1,193,0.185783746834,0.191313937004,-0.00553019016995,0.149167270094,0.156855439642,-0.00768816954819,0.145827522953,0.143918963226,0.144876385975,-0.038171784399,0.038171784399,lt_0.10,each eligible block has weight 1; block-group value repeats across its blocks,descriptive only; no pseudo-replication p-values computed,data/processed/analysis/block_group_analysis_dataset_approach.csv,data/processed/access/edited/della_runs/positive_layer_20260814_approach/block_access_flags_long.parquet,data/processed/access/edited/della_runs/positive_layer_20260814_intersect/block_access_flags_long.parquet,(block-weighted mean differing - block-weighted mean invariant) / sqrt((SD_differing^2 + SD_invariant^2) / 2)
approach_vs_intersect,intersect,5,no_vehicle_share,694,67827,690,67487,4,340,0.0660893237236,0.071182589116,-0.00509326539241,0.0362694300518,0.0353378797272,0.000931550324597,0.098007194773,0.0977512482918,0.0978793051924,-0.0520361825455,0.0520361825455,lt_0.10,each eligible block has weight 1; block-group value repeats across its blocks,descriptive only; no pseudo-replication p-values computed,data/processed/analysis/block_group_analysis_dataset_approach.csv,data/processed/access/edited/della_runs/positive_layer_20260814_approach/block_access_flags_long.parquet,data/processed/access/edited/della_runs/positive_layer_20260814_intersect/block_access_flags_long.parquet,(block-weighted mean differing - block-weighted mean invariant) / sqrt((SD_differing^2 + SD_invariant^2) / 2)
approach_vs_intersect,intersect,6,pct_black_nh,681,67840,680,67647,1,193,0.11972234926,0.19666811631,-0.0769457670493,0.0234375,0.0785804816223,-0.0551429816223,0.211968710873,0.254453693801,0.234176660534,-0.328579999705,0.328579999705,0.20_to_lt_0.50,each eligible block has weight 1; block-group value repeats across its blocks,descriptive only; no pseudo-replication p-values computed,data/processed/analysis/block_group_analysis_dataset_approach.csv,data/processed/access/edited/della_runs/positive_layer_20260814_approach/block_access_flags_long.parquet,data/processed/access/edited/della_runs/positive_layer_20260814_intersect/block_access_flags_long.parquet,(block-weighted mean differing - block-weighted mean invariant) / sqrt((SD_differing^2 + SD_invariant^2) / 2)
approach_vs_intersect,intersect,6,pct_hispanic,681,67840,680,67647,1,193,0.537856919829,0.441449849563,0.0964070702656,0.502317741256,0.380038387716,0.12227935354,0.318609493721,0.297055235729,0.30802095916,0.31298866976,0.31298866976,0.20_to_lt_0.50,each eligible block has weight 1; block-group value repeats across its blocks,descriptive only; no pseudo-replication p-values computed,data/processed/analysis/block_group_analysis_dataset_approach.csv,data/processed/access/edited/della_runs/positive_layer_20260814_approach/block_access_flags_long.parquet,data/processed/access/edited/della_runs/positive_layer_20260814_intersect/block_access_flags_long.parquet,(block-weighted mean differing - block-weighted mean invariant) / sqrt((SD_differing^2 + SD_invariant^2) / 2)
approach_vs_intersect,intersect,6,renter_share,681,67840,677,67500,4,340,0.419911994425,0.356913074171,0.0629989202541,0.33868974042,0.296178343949,0.0425113964712,0.303107349218,0.279760763161,0.291667747407,0.215995497666,0.215995497666,0.20_to_lt_0.50,each eligible block has weight 1; block-group value repeats across its blocks,descriptive only; no pseudo-replication p-values computed,data/processed/analysis/block_group_analysis_dataset_approach.csv,data/processed/access/edited/della_runs/positive_layer_20260814_approach/block_access_flags_long.parquet,data/processed/access/edited/della_runs/positive_layer_20260814_intersect/block_access_flags_long.parquet,(block-weighted mean differing - block-weighted mean invariant) / sqrt((SD_differing^2 + SD_invariant^2) / 2)
approach_vs_intersect,intersect,6,log_median_income,681,67840,630,62733,51,5107,11.2730629444,11.2271167507,0.0459461936307,11.2625520224,11.2295540881,0.0329979342893,0.528039749442,0.526318222647,0.527179688759,0.0871547114017,0.0871547114017,lt_0.10,each eligible block has weight 1; block-group value repeats across its blocks,descriptive only; no pseudo-replication p-values computed,data/processed/analysis/block_group_analysis_dataset_approach.csv,data/processed/access/edited/della_runs/positive_layer_20260814_approach/block_access_flags_long.parquet,data/processed/access/edited/della_runs/positive_layer_20260814_intersect/block_access_flags_long.parquet,(block-weighted mean differing - block-weighted mean invariant) / sqrt((SD_differing^2 + SD_invariant^2) / 2)
approach_vs_intersect,intersect,6,pct_age_65plus,681,67840,680,67647,1,193,0.163508729289,0.19153678679,-0.028028057501,0.142362113774,0.156855439642,-0.0144933258681,0.121822178777,0.144117166297,0.13343612866,-0.210048491233,0.210048491233,0.20_to_lt_0.50,each eligible block has weight 1; block-group value repeats across its blocks,descriptive only; no pseudo-replication p-values computed,data/processed/analysis/block_group_analysis_dataset_approach.csv,data/processed/access/edited/della_runs/positive_layer_20260814_approach/block_access_flags_long.parquet,data/processed/access/edited/della_runs/positive_layer_20260814_intersect/block_access_flags_long.parquet,(block-weighted mean differing - block-weighted mean invariant) / sqrt((SD_differing^2 + SD_invariant^2) / 2)
approach_vs_intersect,intersect,6,no_vehicle_share,681,67840,677,67500,4,340,0.0596642084624,0.0712460497172,-0.0115818412548,0.037037037037,0.0353378797272,0.00169915730982,0.0883077029232,0.0978383631543,0.0931949454109,-0.124275422919,0.124275422919,0.10_to_lt_0.20,each eligible block has weight 1; block-group value repeats across its blocks,descriptive only; no pseudo-replication p-values computed,data/processed/analysis/block_group_analysis_dataset_approach.csv,data/processed/access/edited/della_runs/positive_layer_20260814_approach/block_access_flags_long.parquet,data/processed/access/edited/della_runs/positive_layer_20260814_intersect/block_access_flags_long.parquet,(block-weighted mean differing - block-weighted mean invariant) / sqrt((SD_differing^2 + SD_invariant^2) / 2)
approach_vs_retain,retain,0,pct_black_nh,21,68500,21,68306,0,194,0.110321250614,0.195928652172,-0.0856074015575,0.012671594509,0.0778210116732,-0.0651494171642,0.195569968217,0.254191974461,0.226783125859,-0.377485764134,0.377485764134,0.20_to_lt_0.50,each eligible block has weight 1; block-group value repeats across its blocks,descriptive only; no pseudo-replication p-values computed,data/processed/analysis/block_group_analysis_dataset_approach.csv,data/processed/access/edited/della_runs/positive_layer_20260814_approach/block_access_flags_long.parquet,data/processed/access/edited/della_runs/positive_layer_20260814_retain/block_access_flags_long.parquet,(block-weighted mean differing - block-weighted mean invariant) / sqrt((SD_differing^2 + SD_invariant^2) / 2)
approach_vs_retain,retain,0,pct_hispanic,21,68500,21,68306,0,194,0.288512256846,0.442456620524,-0.153944363678,0.273029966704,0.381892048752,-0.108862082049,0.105371580032,0.297456951932,0.223140995932,-0.689897268922,0.689897268922,ge_0.50,each eligible block has weight 1; block-group value repeats across its blocks,descriptive only; no pseudo-replication p-values computed,data/processed/analysis/block_group_analysis_dataset_approach.csv,data/processed/access/edited/della_runs/positive_layer_20260814_approach/block_access_flags_long.parquet,data/processed/access/edited/della_runs/positive_layer_20260814_retain/block_access_flags_long.parquet,(block-weighted mean differing - block-weighted mean invariant) / sqrt((SD_differing^2 + SD_invariant^2) / 2)
approach_vs_retain,retain,0,renter_share,21,68500,21,68156,0,344,0.268160660031,0.357566194508,-0.0894055344771,0.222672064777,0.296675191816,-0.0740031270385,0.286503414227,0.280065181522,0.283302587585,-0.315583190535,0.315583190535,0.20_to_lt_0.50,each eligible block has weight 1; block-group value repeats across its blocks,descriptive only; no pseudo-replication p-values computed,data/processed/analysis/block_group_analysis_dataset_approach.csv,data/processed/access/edited/della_runs/positive_layer_20260814_approach/block_access_flags_long.parquet,data/processed/access/edited/della_runs/positive_layer_20260814_retain/block_access_flags_long.parquet,(block-weighted mean differing - block-weighted mean invariant) / sqrt((SD_differing^2 + SD_invariant^2) / 2)
approach_vs_retain,retain,0,log_median_income,21,68500,21,63342,0,5158,11.6226606704,11.2274425958,0.395218074596,11.9559111238,11.230615603,0.725295520839,0.596758588454,0.526282183726,0.562624986026,0.702453826994,0.702453826994,ge_0.50,each eligible block has weight 1; block-group value repeats across its blocks,descriptive only; no pseudo-replication p-values computed,data/processed/analysis/block_group_analysis_dataset_approach.csv,data/processed/access/edited/della_runs/positive_layer_20260814_approach/block_access_flags_long.parquet,data/processed/access/edited/della_runs/positive_layer_20260814_retain/block_access_flags_long.parquet,(block-weighted mean differing - block-weighted mean invariant) / sqrt((SD_differing^2 + SD_invariant^2) / 2)
approach_vs_retain,retain,0,pct_age_65plus,21,68500,21,68306,0,194,0.184794875624,0.19125983456,-0.00646495893628,0.135074626866,0.156573922531,-0.0214992956657,0.0979829649752,0.143950749758,0.12313098672,-0.0525047277579,0.0525047277579,lt_0.10,each eligible block has weight 1; block-group value repeats across its blocks,descriptive only; no pseudo-replication p-values computed,data/processed/analysis/block_group_analysis_dataset_approach.csv,data/processed/access/edited/della_runs/positive_layer_20260814_approach/block_access_flags_long.parquet,data/processed/access/edited/della_runs/positive_layer_20260814_retain/block_access_flags_long.parquet,(block-weighted mean differing - block-weighted mean invariant) / sqrt((SD_differing^2 + SD_invariant^2) / 2)
approach_vs_retain,retain,0,no_vehicle_share,21,68500,21,68156,0,344,0.0433969976944,0.0711395869489,-0.0277425892545,0.022491349481,0.0353378797272,-0.0128465302462,0.0608633444446,0.097762737851,0.0814306441369,-0.340689792504,0.340689792504,0.20_to_lt_0.50,each eligible block has weight 1; block-group value repeats across its blocks,descriptive only; no pseudo-replication p-values computed,data/processed/analysis/block_group_analysis_dataset_approach.csv,data/processed/access/edited/della_runs/positive_layer_20260814_approach/block_access_flags_long.parquet,data/processed/access/edited/della_runs/positive_layer_20260814_retain/block_access_flags_long.parquet,(block-weighted mean differing - block-weighted mean invariant) / sqrt((SD_differing^2 + SD_invariant^2) / 2)
approach_vs_retain,retain,1,pct_black_nh,21,68500,21,68306,0,194,0.110321250614,0.195928652172,-0.0856074015575,0.012671594509,0.0778210116732,-0.0651494171642,0.195569968217,0.254191974461,0.226783125859,-0.377485764134,0.377485764134,0.20_to_lt_0.50,each eligible block has weight 1; block-group value repeats across its blocks,descriptive only; no pseudo-replication p-values computed,data/processed/analysis/block_group_analysis_dataset_approach.csv,data/processed/access/edited/della_runs/positive_layer_20260814_approach/block_access_flags_long.parquet,data/processed/access/edited/della_runs/positive_layer_20260814_retain/block_access_flags_long.parquet,(block-weighted mean differing - block-weighted mean invariant) / sqrt((SD_differing^2 + SD_invariant^2) / 2)
approach_vs_retain,retain,1,pct_hispanic,21,68500,21,68306,0,194,0.288512256846,0.442456620524,-0.153944363678,0.273029966704,0.381892048752,-0.108862082049,0.105371580032,0.297456951932,0.223140995932,-0.689897268922,0.689897268922,ge_0.50,each eligible block has weight 1; block-group value repeats across its blocks,descriptive only; no pseudo-replication p-values computed,data/processed/analysis/block_group_analysis_dataset_approach.csv,data/processed/access/edited/della_runs/positive_layer_20260814_approach/block_access_flags_long.parquet,data/processed/access/edited/della_runs/positive_layer_20260814_retain/block_access_flags_long.parquet,(block-weighted mean differing - block-weighted mean invariant) / sqrt((SD_differing^2 + SD_invariant^2) / 2)
approach_vs_retain,retain,1,renter_share,21,68500,21,68156,0,344,0.268160660031,0.357566194508,-0.0894055344771,0.222672064777,0.296675191816,-0.0740031270385,0.286503414227,0.280065181522,0.283302587585,-0.315583190535,0.315583190535,0.20_to_lt_0.50,each eligible block has weight 1; block-group value repeats across its blocks,descriptive only; no pseudo-replication p-values computed,data/processed/analysis/block_group_analysis_dataset_approach.csv,data/processed/access/edited/della_runs/positive_layer_20260814_approach/block_access_flags_long.parquet,data/processed/access/edited/della_runs/positive_layer_20260814_retain/block_access_flags_long.parquet,(block-weighted mean differing - block-weighted mean invariant) / sqrt((SD_differing^2 + SD_invariant^2) / 2)
approach_vs_retain,retain,1,log_median_income,21,68500,21,63342,0,5158,11.6226606704,11.2274425958,0.395218074596,11.9559111238,11.230615603,0.725295520839,0.596758588454,0.526282183726,0.562624986026,0.702453826994,0.702453826994,ge_0.50,each eligible block has weight 1; block-group value repeats across its blocks,descriptive only; no pseudo-replication p-values computed,data/processed/analysis/block_group_analysis_dataset_approach.csv,data/processed/access/edited/della_runs/positive_layer_20260814_approach/block_access_flags_long.parquet,data/processed/access/edited/della_runs/positive_layer_20260814_retain/block_access_flags_long.parquet,(block-weighted mean differing - block-weighted mean invariant) / sqrt((SD_differing^2 + SD_invariant^2) / 2)
approach_vs_retain,retain,1,pct_age_65plus,21,68500,21,68306,0,194,0.184794875624,0.19125983456,-0.00646495893628,0.135074626866,0.156573922531,-0.0214992956657,0.0979829649752,0.143950749758,0.12313098672,-0.0525047277579,0.0525047277579,lt_0.10,each eligible block has weight 1; block-group value repeats across its blocks,descriptive only; no pseudo-replication p-values computed,data/processed/analysis/block_group_analysis_dataset_approach.csv,data/processed/access/edited/della_runs/positive_layer_20260814_approach/block_access_flags_long.parquet,data/processed/access/edited/della_runs/positive_layer_20260814_retain/block_access_flags_long.parquet,(block-weighted mean differing - block-weighted mean invariant) / sqrt((SD_differing^2 + SD_invariant^2) / 2)
approach_vs_retain,retain,1,no_vehicle_share,21,68500,21,68156,0,344,0.0433969976944,0.0711395869489,-0.0277425892545,0.022491349481,0.0353378797272,-0.0128465302462,0.0608633444446,0.097762737851,0.0814306441369,-0.340689792504,0.340689792504,0.20_to_lt_0.50,each eligible block has weight 1; block-group value repeats across its blocks,descriptive only; no pseudo-replication p-values computed,data/processed/analysis/block_group_analysis_dataset_approach.csv,data/processed/access/edited/della_runs/positive_layer_20260814_approach/block_access_flags_long.parquet,data/processed/access/edited/della_runs/positive_layer_20260814_retain/block_access_flags_long.parquet,(block-weighted mean differing - block-weighted mean invariant) / sqrt((SD_differing^2 + SD_invariant^2) / 2)
approach_vs_retain,retain,2,pct_black_nh,15,68506,15,68312,0,194,0.15444975086,0.195911443308,-0.041461692448,0.104886769964,0.0778210116732,0.0270657582911,0.217570630787,0.254187442849,0.236588498752,-0.175248131954,0.175248131954,0.10_to_lt_0.20,each eligible block has weight 1; block-group value repeats across its blocks,descriptive only; no pseudo-replication p-values computed,data/processed/analysis/block_group_analysis_dataset_approach.csv,data/processed/access/edited/della_runs/positive_layer_20260814_approach/block_access_flags_long.parquet,data/processed/access/edited/della_runs/positive_layer_20260814_retain/block_access_flags_long.parquet,(block-weighted mean differing - block-weighted mean invariant) / sqrt((SD_differing^2 + SD_invariant^2) / 2)
approach_vs_retain,retain,2,pct_hispanic,15,68506,15,68312,0,194,0.312872383464,0.442437750221,-0.129565366757,0.32972972973,0.381892048752,-0.0521623190224,0.116774835138,0.297450702753,0.225957167058,-0.573406758652,0.573406758652,ge_0.50,each eligible block has weight 1; block-group value repeats across its blocks,descriptive only; no pseudo-replication p-values computed,data/processed/analysis/block_group_analysis_dataset_approach.csv,data/processed/access/edited/della_runs/positive_layer_20260814_approach/block_access_flags_long.parquet,data/processed/access/edited/della_runs/positive_layer_20260814_retain/block_access_flags_long.parquet,(block-weighted mean differing - block-weighted mean invariant) / sqrt((SD_differing^2 + SD_invariant^2) / 2)
approach_vs_retain,retain,2,renter_share,15,68506,15,68162,0,344,0.284767484597,0.35755466997,-0.0727871853728,0.151785714286,0.296675191816,-0.14488947753,0.340923674912,0.280055548226,0.311977613145,-0.23330900137,0.23330900137,0.20_to_lt_0.50,each eligible block has weight 1; block-group value repeats across its blocks,descriptive only; no pseudo-replication p-values computed,data/processed/analysis/block_group_analysis_dataset_approach.csv,data/processed/access/edited/della_runs/positive_layer_20260814_approach/block_access_flags_long.parquet,data/processed/access/edited/della_runs/positive_layer_20260814_retain/block_access_flags_long.parquet,(block-weighted mean differing - block-weighted mean invariant) / sqrt((SD_differing^2 + SD_invariant^2) / 2)
approach_vs_retain,retain,2,log_median_income,15,68506,15,63348,0,5158,11.4893604891,11.2275115927,0.26184889641,11.6789905992,11.230615603,0.448374996258,0.664913903906,0.526305007651,0.599627993295,0.436685577288,0.436685577288,0.20_to_lt_0.50,each eligible block has weight 1; block-group value repeats across its blocks,descriptive only; no pseudo-replication p-values computed,data/processed/analysis/block_group_analysis_dataset_approach.csv,data/processed/access/edited/della_runs/positive_layer_20260814_approach/block_access_flags_long.parquet,data/processed/access/edited/della_runs/positive_layer_20260814_retain/block_access_flags_long.parquet,(block-weighted mean differing - block-weighted mean invariant) / sqrt((SD_differing^2 + SD_invariant^2) / 2)
approach_vs_retain,retain,2,pct_age_65plus,15,68506,15,68312,0,194,0.204682975128,0.191254899685,0.0134280754431,0.22800982801,0.156573922531,0.0714359054785,0.110598231114,0.143945390794,0.128359347647,0.104613148082,0.104613148082,0.10_to_lt_0.20,each eligible block has weight 1; block-group value repeats across its blocks,descriptive only; no pseudo-replication p-values computed,data/processed/analysis/block_group_analysis_dataset_approach.csv,data/processed/access/edited/della_runs/positive_layer_20260814_approach/block_access_flags_long.parquet,data/processed/access/edited/della_runs/positive_layer_20260814_retain/block_access_flags_long.parquet,(block-weighted mean differing - block-weighted mean invariant) / sqrt((SD_differing^2 + SD_invariant^2) / 2)
approach_vs_retain,retain,2,no_vehicle_share,15,68506,15,68162,0,344,0.0517592569798,0.0711353046593,-0.0193760476795,0.0222956234517,0.0353378797272,-0.0130422562755,0.0709203509332,0.0977595003115,0.0854008667334,-0.226883501545,0.226883501545,0.20_to_lt_0.50,each eligible block has weight 1; block-group value repeats across its blocks,descriptive only; no pseudo-replication p-values computed,data/processed/analysis/block_group_analysis_dataset_approach.csv,data/processed/access/edited/della_runs/positive_layer_20260814_approach/block_access_flags_long.parquet,data/processed/access/edited/della_runs/positive_layer_20260814_retain/block_access_flags_long.parquet,(block-weighted mean differing - block-weighted mean invariant) / sqrt((SD_differing^2 + SD_invariant^2) / 2)
approach_vs_retain,retain,3,pct_black_nh,14,68507,14,68313,0,194,0.163235473675,0.195909035833,-0.0326735621584,0.106651658877,0.0778210116732,0.0288306472034,0.223005352989,0.254186361188,0.239104677574,-0.136649615097,0.136649615097,0.10_to_lt_0.20,each eligible block has weight 1; block-group value repeats across its blocks,descriptive only; no pseudo-replication p-values computed,data/processed/analysis/block_group_analysis_dataset_approach.csv,data/processed/access/edited/della_runs/positive_layer_20260814_approach/block_access_flags_long.parquet,data/processed/access/edited/della_runs/positive_layer_20260814_retain/block_access_flags_long.parquet,(block-weighted mean differing - block-weighted mean invariant) / sqrt((SD_differing^2 + SD_invariant^2) / 2)
approach_vs_retain,retain,3,pct_hispanic,14,68507,14,68313,0,194,0.31748675883,0.442434907913,-0.124948149083,0.311516135073,0.381892048752,-0.0703759136795,0.116847481735,0.297449673381,0.225975266547,-0.552928428816,0.552928428816,ge_0.50,each eligible block has weight 1; block-group value repeats across its blocks,descriptive only; no pseudo-replication p-values computed,data/processed/analysis/block_group_analysis_dataset_approach.csv,data/processed/access/edited/della_runs/positive_layer_20260814_approach/block_access_flags_long.parquet,data/processed/access/edited/della_runs/positive_layer_20260814_retain/block_access_flags_long.parquet,(block-weighted mean differing - block-weighted mean invariant) / sqrt((SD_differing^2 + SD_invariant^2) / 2)
approach_vs_retain,retain,3,renter_share,14,68507,14,68163,0,344,0.303760498754,0.357549701154,-0.0537892024005,0.173407197487,0.296675191816,-0.123267994329,0.344639446218,0.280056691183,0.314012816749,-0.171296200446,0.171296200446,0.10_to_lt_0.20,each eligible block has weight 1; block-group value repeats across its blocks,descriptive only; no pseudo-replication p-values computed,data/processed/analysis/block_group_analysis_dataset_approach.csv,data/processed/access/edited/della_runs/positive_layer_20260814_approach/block_access_flags_long.parquet,data/processed/access/edited/della_runs/positive_layer_20260814_retain/block_access_flags_long.parquet,(block-weighted mean differing - block-weighted mean invariant) / sqrt((SD_differing^2 + SD_invariant^2) / 2)
approach_vs_retain,retain,3,log_median_income,14,68507,14,63349,0,5158,11.3942146029,11.2275367531,0.166677849797,11.5258842738,11.230615603,0.295268670771,0.675210124387,0.526314382251,0.605357555928,0.275337853083,0.275337853083,0.20_to_lt_0.50,each eligible block has weight 1; block-group value repeats across its blocks,descriptive only; no pseudo-replication p-values computed,data/processed/analysis/block_group_analysis_dataset_approach.csv,data/processed/access/edited/della_runs/positive_layer_20260814_approach/block_access_flags_long.parquet,data/processed/access/edited/della_runs/positive_layer_20260814_retain/block_access_flags_long.parquet,(block-weighted mean differing - block-weighted mean invariant) / sqrt((SD_differing^2 + SD_invariant^2) / 2)
approach_vs_retain,retain,3,pct_age_65plus,14,68507,14,68313,0,194,0.20653400546,0.191254716903,0.0152792885565,0.207904435536,0.156573922531,0.0513305130046,0.121128532333,0.143943317501,0.133025937317,0.114859469248,0.114859469248,0.10_to_lt_0.20,each eligible block has weight 1; block-group value repeats across its blocks,descriptive only; no pseudo-replication p-values computed,data/processed/analysis/block_group_analysis_dataset_approach.csv,data/processed/access/edited/della_runs/positive_layer_20260814_approach/block_access_flags_long.parquet,data/processed/access/edited/della_runs/positive_layer_20260814_retain/block_access_flags_long.parquet,(block-weighted mean differing - block-weighted mean invariant) / sqrt((SD_differing^2 + SD_invariant^2) / 2)
approach_vs_retain,retain,3,no_vehicle_share,14,68507,14,68163,0,344,0.0549558042991,0.0711343638599,-0.0161785595608,0.0111478117258,0.0353378797272,-0.0241900680014,0.0775131527821,0.097758353578,0.0882184350023,-0.18339204907,0.18339204907,0.10_to_lt_0.20,each eligible block has weight 1; block-group value repeats across its blocks,descriptive only; no pseudo-replication p-values computed,data/processed/analysis/block_group_analysis_dataset_approach.csv,data/processed/access/edited/della_runs/positive_layer_20260814_approach/block_access_flags_long.parquet,data/processed/access/edited/della_runs/positive_layer_20260814_retain/block_access_flags_long.parquet,(block-weighted mean differing - block-weighted mean invariant) / sqrt((SD_differing^2 + SD_invariant^2) / 2)
approach_vs_retain,retain,4,pct_black_nh,11,68510,11,68316,0,194,0.18518308222,0.195904067094,-0.0107209848741,0.104886769964,0.0778210116732,0.0270657582911,0.248562190768,0.254181999524,0.251387799586,-0.0426471964502,0.0426471964502,lt_0.10,each eligible block has weight 1; block-group value repeats across its blocks,descriptive only; no pseudo-replication p-values computed,data/processed/analysis/block_group_analysis_dataset_approach.csv,data/processed/access/edited/della_runs/positive_layer_20260814_approach/block_access_flags_long.parquet,data/processed/access/edited/della_runs/positive_layer_20260814_retain/block_access_flags_long.parquet,(block-weighted mean differing - block-weighted mean invariant) / sqrt((SD_differing^2 + SD_invariant^2) / 2)
approach_vs_retain,retain,4,pct_hispanic,11,68510,11,68316,0,194,0.293694009936,0.442433252017,-0.148739242081,0.293302540416,0.381892048752,-0.0885895083365,0.11832030859,0.297443454735,0.226354041481,-0.657108842008,0.657108842008,ge_0.50,each eligible block has weight 1; block-group value repeats across its blocks,descriptive only; no pseudo-replication p-values computed,data/processed/analysis/block_group_analysis_dataset_approach.csv,data/processed/access/edited/della_runs/positive_layer_20260814_approach/block_access_flags_long.parquet,data/processed/access/edited/della_runs/positive_layer_20260814_retain/block_access_flags_long.parquet,(block-weighted mean differing - block-weighted mean invariant) / sqrt((SD_differing^2 + SD_invariant^2) / 2)
approach_vs_retain,retain,4,renter_share,11,68510,11,68166,0,344,0.359738214763,0.357538300713,0.00219991405045,0.195028680688,0.296675191816,-0.101646511128,0.369224687968,0.280056323791,0.327687667376,0.00671344780251,0.00671344780251,lt_0.10,each eligible block has weight 1; block-group value repeats across its blocks,descriptive only; no pseudo-replication p-values computed,data/processed/analysis/block_group_analysis_dataset_approach.csv,data/processed/access/edited/della_runs/positive_layer_20260814_approach/block_access_flags_long.parquet,data/processed/access/edited/della_runs/positive_layer_20260814_retain/block_access_flags_long.parquet,(block-weighted mean differing - block-weighted mean invariant) / sqrt((SD_differing^2 + SD_invariant^2) / 2)
approach_vs_retain,retain,4,log_median_income,11,68510,11,63352,0,5158,11.2818068358,11.2275641638,0.0542426720452,11.3727779483,11.230615603,0.142162345284,0.688677504184,0.526325022027,0.612900780543,0.0885015548473,0.0885015548473,lt_0.10,each eligible block has weight 1; block-group value repeats across its blocks,descriptive only; no pseudo-replication p-values computed,data/processed/analysis/block_group_analysis_dataset_approach.csv,data/processed/access/edited/della_runs/positive_layer_20260814_approach/block_access_flags_long.parquet,data/processed/access/edited/della_runs/positive_layer_20260814_retain/block_access_flags_long.parquet,(block-weighted mean differing - block-weighted mean invariant) / sqrt((SD_differing^2 + SD_invariant^2) / 2)
approach_vs_retain,retain,4,pct_age_65plus,11,68510,11,68316,0,194,0.184034475444,0.191259010666,-0.00722453522227,0.147613762486,0.156573922531,-0.00896016004524,0.126160831191,0.143941899212,0.135343684144,-0.0533791825453,0.0533791825453,lt_0.10,each eligible block has weight 1; block-group value repeats across its blocks,descriptive only; no pseudo-replication p-values computed,data/processed/analysis/block_group_analysis_dataset_approach.csv,data/processed/access/edited/della_runs/positive_layer_20260814_approach/block_access_flags_long.parquet,data/processed/access/edited/della_runs/positive_layer_20260814_retain/block_access_flags_long.parquet,(block-weighted mean differing - block-weighted mean invariant) / sqrt((SD_differing^2 + SD_invariant^2) / 2)
approach_vs_retain,retain,4,no_vehicle_share,11,68510,11,68166,0,344,0.0652902691246,0.0711319841575,-0.00584171503295,0.0222956234517,0.0353378797272,-0.0130422562755,0.0841893504946,0.0977569915297,0.0912257532981,-0.064035810303,0.064035810303,lt_0.10,each eligible block has weight 1; block-group value repeats across its blocks,descriptive only; no pseudo-replication p-values computed,data/processed/analysis/block_group_analysis_dataset_approach.csv,data/processed/access/edited/della_runs/positive_layer_20260814_approach/block_access_flags_long.parquet,data/processed/access/edited/della_runs/positive_layer_20260814_retain/block_access_flags_long.parquet,(block-weighted mean differing - block-weighted mean invariant) / sqrt((SD_differing^2 + SD_invariant^2) / 2)
approach_vs_retain,retain,5,pct_black_nh,10,68511,10,68317,0,194,0.123123161405,0.195912994275,-0.0727898328702,0.0670665570856,0.0778210116732,-0.0107544545875,0.163425081786,0.254189518738,0.213682087215,-0.340645459893,0.340645459893,0.20_to_lt_0.50,each eligible block has weight 1; block-group value repeats across its blocks,descriptive only; no pseudo-replication p-values computed,data/processed/analysis/block_group_analysis_dataset_approach.csv,data/processed/access/edited/della_runs/positive_layer_20260814_approach/block_access_flags_long.parquet,data/processed/access/edited/della_runs/positive_layer_20260814_retain/block_access_flags_long.parquet,(block-weighted mean differing - block-weighted mean invariant) / sqrt((SD_differing^2 + SD_invariant^2) / 2)
approach_vs_retain,retain,5,pct_hispanic,10,68511,10,68317,0,194,0.286691762831,0.442432099788,-0.155740336957,0.28316625356,0.381892048752,-0.0987257951925,0.0920869945981,0.297442864359,0.220172968518,-0.707354485909,0.707354485909,ge_0.50,each eligible block has weight 1; block-group value repeats across its blocks,descriptive only; no pseudo-replication p-values computed,data/processed/analysis/block_group_analysis_dataset_approach.csv,data/processed/access/edited/della_runs/positive_layer_20260814_approach/block_access_flags_long.parquet,data/processed/access/edited/della_runs/positive_layer_20260814_retain/block_access_flags_long.parquet,(block-weighted mean differing - block-weighted mean invariant) / sqrt((SD_differing^2 + SD_invariant^2) / 2)
approach_vs_retain,retain,5,renter_share,10,68511,10,68167,0,344,0.389033371273,0.357534035428,0.0314993358443,0.187228889532,0.296675191816,-0.109446302284,0.400302842987,0.280051944272,0.345450038062,0.0911834777065,0.0911834777065,lt_0.10,each eligible block has weight 1; block-group value repeats across its blocks,descriptive only; no pseudo-replication p-values computed,data/processed/analysis/block_group_analysis_dataset_approach.csv,data/processed/access/edited/della_runs/positive_layer_20260814_approach/block_access_flags_long.parquet,data/processed/access/edited/della_runs/positive_layer_20260814_retain/block_access_flags_long.parquet,(block-weighted mean differing - block-weighted mean invariant) / sqrt((SD_differing^2 + SD_invariant^2) / 2)
approach_vs_retain,retain,5,log_median_income,10,68511,10,63353,0,5158,11.4774146037,11.2275341441,0.249880459529,11.728867145,11.230615603,0.498251541967,0.640768744736,0.526327699332,0.586346924318,0.426164867872,0.426164867872,0.20_to_lt_0.50,each eligible block has weight 1; block-group value repeats across its blocks,descriptive only; no pseudo-replication p-values computed,data/processed/analysis/block_group_analysis_dataset_approach.csv,data/processed/access/edited/della_runs/positive_layer_20260814_approach/block_access_flags_long.parquet,data/processed/access/edited/della_runs/positive_layer_20260814_retain/block_access_flags_long.parquet,(block-weighted mean differing - block-weighted mean invariant) / sqrt((SD_differing^2 + SD_invariant^2) / 2)
approach_vs_retain,retain,5,pct_age_65plus,10,68511,10,68317,0,194,0.171162153983,0.19126078912,-0.0200986351371,0.167706402774,0.156573922531,0.0111324802428,0.0959119591095,0.143944552833,0.122309317287,-0.164326280147,0.164326280147,0.10_to_lt_0.20,each eligible block has weight 1; block-group value repeats across its blocks,descriptive only; no pseudo-replication p-values computed,data/processed/analysis/block_group_analysis_dataset_approach.csv,data/processed/access/edited/della_runs/positive_layer_20260814_approach/block_access_flags_long.parquet,data/processed/access/edited/della_runs/positive_layer_20260814_retain/block_access_flags_long.parquet,(block-weighted mean differing - block-weighted mean invariant) / sqrt((SD_differing^2 + SD_invariant^2) / 2)
approach_vs_retain,retain,5,no_vehicle_share,10,68511,10,68167,0,344,0.0477440046603,0.071134472472,-0.0233904678117,0.0374133322607,0.0353378797272,0.00207545253349,0.0516184779305,0.0977594110866,0.0781708696378,-0.29922230519,0.29922230519,0.20_to_lt_0.50,each eligible block has weight 1; block-group value repeats across its blocks,descriptive only; no pseudo-replication p-values computed,data/processed/analysis/block_group_analysis_dataset_approach.csv,data/processed/access/edited/della_runs/positive_layer_20260814_approach/block_access_flags_long.parquet,data/processed/access/edited/della_runs/positive_layer_20260814_retain/block_access_flags_long.parquet,(block-weighted mean differing - block-weighted mean invariant) / sqrt((SD_differing^2 + SD_invariant^2) / 2)
approach_vs_retain,retain,6,pct_black_nh,9,68512,9,68318,0,194,0.112854166663,0.195913281624,-0.0830591149614,0.012671594509,0.0778210116732,-0.0651494171642,0.172995760495,0.254187423534,0.217415247202,-0.382029853151,0.382029853151,0.20_to_lt_0.50,each eligible block has weight 1; block-group value repeats across its blocks,descriptive only; no pseudo-replication p-values computed,data/processed/analysis/block_group_analysis_dataset_approach.csv,data/processed/access/edited/della_runs/positive_layer_20260814_approach/block_access_flags_long.parquet,data/processed/access/edited/della_runs/positive_layer_20260814_retain/block_access_flags_long.parquet,(block-weighted mean differing - block-weighted mean invariant) / sqrt((SD_differing^2 + SD_invariant^2) / 2)
approach_vs_retain,retain,6,pct_hispanic,9,68512,9,68318,0,194,0.362767630925,0.442419798153,-0.0796521672276,0.293302540416,0.381892048752,-0.0885895083365,0.186049116058,0.297440314104,0.248077622974,-0.321077597701,0.321077597701,0.20_to_lt_0.50,each eligible block has weight 1; block-group value repeats across its blocks,descriptive only; no pseudo-replication p-values computed,data/processed/analysis/block_group_analysis_dataset_approach.csv,data/processed/access/edited/della_runs/positive_layer_20260814_approach/block_access_flags_long.parquet,data/processed/access/edited/della_runs/positive_layer_20260814_retain/block_access_flags_long.parquet,(block-weighted mean differing - block-weighted mean invariant) / sqrt((SD_differing^2 + SD_invariant^2) / 2)
approach_vs_retain,retain,6,renter_share,9,68512,9,68168,0,344,0.361554887482,0.357538125407,0.00401676207499,0.222672064777,0.296675191816,-0.0740031270385,0.369406469624,0.280059325895,0.327791371013,0.0122540201793,0.0122540201793,lt_0.10,each eligible block has weight 1; block-group value repeats across its blocks,descriptive only; no pseudo-replication p-values computed,data/processed/analysis/block_group_analysis_dataset_approach.csv,data/processed/access/edited/della_runs/positive_layer_20260814_approach/block_access_flags_long.parquet,data/processed/access/edited/della_runs/positive_layer_20260814_retain/block_access_flags_long.parquet,(block-weighted mean differing - block-weighted mean invariant) / sqrt((SD_differing^2 + SD_invariant^2) / 2)
approach_vs_retain,retain,6,log_median_income,9,68512,9,63354,0,5158,11.4114662019,11.2275474569,0.183918745012,11.464018794,11.230615603,0.233403191027,0.660289209455,0.526331452536,0.597078988934,0.308030844194,0.308030844194,0.20_to_lt_0.50,each eligible block has weight 1; block-group value repeats across its blocks,descriptive only; no pseudo-replication p-values computed,data/processed/analysis/block_group_analysis_dataset_approach.csv,data/processed/access/edited/della_runs/positive_layer_20260814_approach/block_access_flags_long.parquet,data/processed/access/edited/della_runs/positive_layer_20260814_retain/block_access_flags_long.parquet,(block-weighted mean differing - block-weighted mean invariant) / sqrt((SD_differing^2 + SD_invariant^2) / 2)
approach_vs_retain,retain,6,pct_age_65plus,9,68512,9,68318,0,194,0.178278674205,0.19125955742,-0.0129808832151,0.159046692607,0.156573922531,0.00247277007563,0.0945772305036,0.143944198735,0.121788309946,-0.106585625671,0.106585625671,0.10_to_lt_0.20,each eligible block has weight 1; block-group value repeats across its blocks,descriptive only; no pseudo-replication p-values computed,data/processed/analysis/block_group_analysis_dataset_approach.csv,data/processed/access/edited/della_runs/positive_layer_20260814_approach/block_access_flags_long.parquet,data/processed/access/edited/della_runs/positive_layer_20260814_retain/block_access_flags_long.parquet,(block-weighted mean differing - block-weighted mean invariant) / sqrt((SD_differing^2 + SD_invariant^2) / 2)
approach_vs_retain,retain,6,no_vehicle_share,9,68512,9,68168,0,344,0.0344829793861,0.0711358801524,-0.0366529007663,0,0.0353378797272,-0.0353378797272,0.050585044627,0.0977584607129,0.0778317524564,-0.47092477825,0.47092477825,0.20_to_lt_0.50,each eligible block has weight 1; block-group value repeats across its blocks,descriptive only; no pseudo-replication p-values computed,data/processed/analysis/block_group_analysis_dataset_approach.csv,data/processed/access/edited/della_runs/positive_layer_20260814_approach/block_access_flags_long.parquet,data/processed/access/edited/della_runs/positive_layer_20260814_retain/block_access_flags_long.parquet,(block-weighted mean differing - block-weighted mean invariant) / sqrt((SD_differing^2 + SD_invariant^2) / 2)
