spec,transition,term,covariate,cutoff_km,estimate,std_error,p_value,sig_05,positive_definite_raw,min_eigenvalue_raw
demographic_only,Redundant -> Fragile,z_pct_black_nh,Black share,5,-0.006879292336895015,0.002063751178387847,8.579387238348469e-4,TRUE,TRUE,0.0017011439263890607
demographic_only,Redundant -> Fragile,z_pct_black_nh,Black share,10,-0.006879292336895015,9.459231616589627e-4,3.5271189695272025e-13,TRUE,TRUE,2.8088934612825246e-4
demographic_only,Redundant -> Fragile,z_pct_black_nh,Black share,15,-0.006879292336895015,7.090320762536026e-4,2.9457197546193977e-22,TRUE,FALSE,-0.0038645752939023173
with_physical,Redundant -> Fragile,z_pct_black_nh,Black share,5,-0.004119598982080595,0.0014905083945575652,0.0057117056532117036,TRUE,TRUE,0.0011286061650664675
with_physical,Redundant -> Fragile,z_pct_black_nh,Black share,10,-0.004119598982080595,8.32008680476711e-4,7.368548371803566e-7,TRUE,FALSE,-4.2479482894161943e-4
with_physical,Redundant -> Fragile,z_pct_black_nh,Black share,15,-0.004119598982080595,8.219424711755142e-4,5.385926148297923e-7,TRUE,FALSE,-0.0023140468194293847
demographic_only,Redundant -> Fragile,z_pct_hispanic,Hispanic share,5,-0.010822715495534202,0.0022744772014922556,1.9520017233037152e-6,TRUE,TRUE,0.0017011439263890607
demographic_only,Redundant -> Fragile,z_pct_hispanic,Hispanic share,10,-0.010822715495534202,0.0020976213822398106,2.47586283966539e-7,TRUE,TRUE,2.8088934612825246e-4
demographic_only,Redundant -> Fragile,z_pct_hispanic,Hispanic share,15,-0.010822715495534202,0.002217711344363613,1.0601694478317388e-6,TRUE,FALSE,-0.0038645752939023173
with_physical,Redundant -> Fragile,z_pct_hispanic,Hispanic share,5,-0.00757824341561428,0.001876653776940061,5.387024521266633e-5,TRUE,TRUE,0.0011286061650664675
with_physical,Redundant -> Fragile,z_pct_hispanic,Hispanic share,10,-0.00757824341561428,0.0017107867924948375,9.437164113330904e-6,TRUE,FALSE,-4.2479482894161943e-4
with_physical,Redundant -> Fragile,z_pct_hispanic,Hispanic share,15,-0.00757824341561428,0.0019646838472995717,1.1467782618196606e-4,TRUE,FALSE,-0.0023140468194293847
demographic_only,Redundant -> Fragile,z_renter_share,Renter share,5,0.008517793822660298,0.0014759148134933018,7.871080738858894e-9,TRUE,TRUE,0.0017011439263890607
demographic_only,Redundant -> Fragile,z_renter_share,Renter share,10,0.008517793822660298,0.0011933142658795551,9.47467841614914e-13,TRUE,TRUE,2.8088934612825246e-4
demographic_only,Redundant -> Fragile,z_renter_share,Renter share,15,0.008517793822660298,9.179685194997731e-4,1.7113968520119505e-20,TRUE,FALSE,-0.0038645752939023173
with_physical,Redundant -> Fragile,z_renter_share,Renter share,5,0.0067679138580971875,0.0013788035976123466,9.175649307572358e-7,TRUE,TRUE,0.0011286061650664675
with_physical,Redundant -> Fragile,z_renter_share,Renter share,10,0.0067679138580971875,0.0012847804920597782,1.3809932480658067e-7,TRUE,FALSE,-4.2479482894161943e-4
with_physical,Redundant -> Fragile,z_renter_share,Renter share,15,0.0067679138580971875,9.420040049346505e-4,6.740848248161042e-13,TRUE,FALSE,-0.0023140468194293847
demographic_only,Redundant -> Fragile,z_log_median_income,Log median income,5,0.0025119083476099076,0.0013205451082071366,0.05714823484873379,FALSE,TRUE,0.0017011439263890607
demographic_only,Redundant -> Fragile,z_log_median_income,Log median income,10,0.0025119083476099076,0.001770773212998508,0.1560338751761803,FALSE,TRUE,2.8088934612825246e-4
demographic_only,Redundant -> Fragile,z_log_median_income,Log median income,15,0.0025119083476099076,0.0018987077233395728,0.18584973510963512,FALSE,FALSE,-0.0038645752939023173
with_physical,Redundant -> Fragile,z_log_median_income,Log median income,5,0.0012883417344205985,9.132729270004299e-4,0.1583370909403284,FALSE,TRUE,0.0011286061650664675
with_physical,Redundant -> Fragile,z_log_median_income,Log median income,10,0.0012883417344205985,9.825748165200124e-4,0.18979376538553794,FALSE,FALSE,-4.2479482894161943e-4
with_physical,Redundant -> Fragile,z_log_median_income,Log median income,15,0.0012883417344205985,9.042357062666185e-4,0.15421927527604604,FALSE,FALSE,-0.0023140468194293847
demographic_only,Redundant -> Fragile,z_pct_age_65plus,Age 65+ share,5,0.004356312144368282,0.0011496664813296033,1.5113536614254567e-4,TRUE,TRUE,0.0017011439263890607
demographic_only,Redundant -> Fragile,z_pct_age_65plus,Age 65+ share,10,0.004356312144368282,0.0010326058711311835,2.456540163402283e-5,TRUE,TRUE,2.8088934612825246e-4
demographic_only,Redundant -> Fragile,z_pct_age_65plus,Age 65+ share,15,0.004356312144368282,9.434701469633554e-4,3.88710604431235e-6,TRUE,FALSE,-0.0038645752939023173
with_physical,Redundant -> Fragile,z_pct_age_65plus,Age 65+ share,5,0.0011128595939515127,9.076502206265036e-4,0.2201653330102023,FALSE,TRUE,0.0011286061650664675
with_physical,Redundant -> Fragile,z_pct_age_65plus,Age 65+ share,10,0.0011128595939515127,8.602123108011059e-4,0.19576788938663067,FALSE,FALSE,-4.2479482894161943e-4
with_physical,Redundant -> Fragile,z_pct_age_65plus,Age 65+ share,15,0.0011128595939515127,7.370906019694262e-4,0.13109439473483028,FALSE,FALSE,-0.0023140468194293847
demographic_only,Redundant -> Fragile,z_no_vehicle_share,No-vehicle household share,5,-6.919602570552903e-4,8.166045917324717e-4,0.3967929982932788,FALSE,TRUE,0.0017011439263890607
demographic_only,Redundant -> Fragile,z_no_vehicle_share,No-vehicle household share,10,-6.919602570552903e-4,6.731290739562028e-4,0.3039613100906554,FALSE,TRUE,2.8088934612825246e-4
demographic_only,Redundant -> Fragile,z_no_vehicle_share,No-vehicle household share,15,-6.919602570552903e-4,7.612499947319718e-4,0.36336121221134365,FALSE,FALSE,-0.0038645752939023173
with_physical,Redundant -> Fragile,z_no_vehicle_share,No-vehicle household share,5,3.378610479352236e-4,8.445632680715252e-4,0.6891253477145058,FALSE,TRUE,0.0011286061650664675
with_physical,Redundant -> Fragile,z_no_vehicle_share,No-vehicle household share,10,3.378610479352236e-4,6.558086180903298e-4,0.6064255770670082,FALSE,FALSE,-4.2479482894161943e-4
with_physical,Redundant -> Fragile,z_no_vehicle_share,No-vehicle household share,15,3.378610479352236e-4,5.394663081212691e-4,0.5311263320823127,FALSE,FALSE,-0.0023140468194293847
with_physical,Redundant -> Fragile,z_elevation_m_mean,Mean elevation,5,-0.020262427654298247,0.0028821610175132936,2.06104774377129e-12,TRUE,TRUE,0.0011286061650664675
with_physical,Redundant -> Fragile,z_elevation_m_mean,Mean elevation,10,-0.020262427654298247,0.0034089735830001144,2.784043685918246e-9,TRUE,FALSE,-4.2479482894161943e-4
with_physical,Redundant -> Fragile,z_elevation_m_mean,Mean elevation,15,-0.020262427654298247,0.0036166155825444082,2.1116782346219883e-8,TRUE,FALSE,-0.0023140468194293847
with_physical,Redundant -> Fragile,z_drainage_distance_km,Distance to primary drainage,5,-0.0035401936507244505,0.001466106742781683,0.015748596234126097,TRUE,TRUE,0.0011286061650664675
with_physical,Redundant -> Fragile,z_drainage_distance_km,Distance to primary drainage,10,-0.0035401936507244505,0.0014649878529373926,0.015669042386290365,TRUE,FALSE,-4.2479482894161943e-4
with_physical,Redundant -> Fragile,z_drainage_distance_km,Distance to primary drainage,15,-0.0035401936507244505,0.0013187229656900115,0.00726248972546837,TRUE,FALSE,-0.0023140468194293847
demographic_only,Redundant -> Isolated,z_pct_black_nh,Black share,5,-0.013756723358002073,0.005092794961412296,0.006908710218127183,TRUE,TRUE,0.002351206234400972
demographic_only,Redundant -> Isolated,z_pct_black_nh,Black share,10,-0.013756723358002073,0.005181726356295347,0.007934290342440925,TRUE,TRUE,0.0016649432654803865
demographic_only,Redundant -> Isolated,z_pct_black_nh,Black share,15,-0.013756723358002073,0.002843702077930227,1.314092564492492e-6,TRUE,FALSE,-0.0020912071364521047
with_physical,Redundant -> Isolated,z_pct_black_nh,Black share,5,-0.006527678655925394,0.0031971336844649535,0.041178479583984906,TRUE,TRUE,0.0012403013417337499
with_physical,Redundant -> Isolated,z_pct_black_nh,Black share,10,-0.006527678655925394,0.002765220427851556,0.018243631752612045,TRUE,TRUE,8.603676689926176e-4
with_physical,Redundant -> Isolated,z_pct_black_nh,Black share,15,-0.006527678655925394,0.0022109016797887617,0.003152160201474651,TRUE,FALSE,-0.0023898971824157854
demographic_only,Redundant -> Isolated,z_pct_hispanic,Hispanic share,5,-0.017284508534457652,0.004916322749581116,4.3853155323259296e-4,TRUE,TRUE,0.002351206234400972
demographic_only,Redundant -> Isolated,z_pct_hispanic,Hispanic share,10,-0.017284508534457652,0.0063516385109396506,0.006503207995087871,TRUE,TRUE,0.0016649432654803865
demographic_only,Redundant -> Isolated,z_pct_hispanic,Hispanic share,15,-0.017284508534457652,0.005357010393969579,0.0012530487289712615,TRUE,FALSE,-0.0020912071364521047
with_physical,Redundant -> Isolated,z_pct_hispanic,Hispanic share,5,-0.009901271448036188,0.003184717060605092,0.0018772449011644936,TRUE,TRUE,0.0012403013417337499
with_physical,Redundant -> Isolated,z_pct_hispanic,Hispanic share,10,-0.009901271448036188,0.003933765518335813,0.011836022640769306,TRUE,TRUE,8.603676689926176e-4
with_physical,Redundant -> Isolated,z_pct_hispanic,Hispanic share,15,-0.009901271448036188,0.003212482090383681,0.0020552849251970332,TRUE,FALSE,-0.0023898971824157854
demographic_only,Redundant -> Isolated,z_renter_share,Renter share,5,0.01044918320139776,0.0028886899905366543,2.977220879107836e-4,TRUE,TRUE,0.002351206234400972
demographic_only,Redundant -> Isolated,z_renter_share,Renter share,10,0.01044918320139776,0.0034131583211065475,0.002202743173463671,TRUE,TRUE,0.0016649432654803865
demographic_only,Redundant -> Isolated,z_renter_share,Renter share,15,0.01044918320139776,0.0032835260115127145,0.001461075653424318,TRUE,FALSE,-0.0020912071364521047
with_physical,Redundant -> Isolated,z_renter_share,Renter share,5,0.004027048729634434,0.002146090613631799,0.06059242767468026,FALSE,TRUE,0.0012403013417337499
with_physical,Redundant -> Isolated,z_renter_share,Renter share,10,0.004027048729634434,0.0022100522534580207,0.06843209044932905,FALSE,TRUE,8.603676689926176e-4
with_physical,Redundant -> Isolated,z_renter_share,Renter share,15,0.004027048729634434,0.001994836230700796,0.04351461314960211,TRUE,FALSE,-0.0023898971824157854
demographic_only,Redundant -> Isolated,z_log_median_income,Log median income,5,0.003870728409990302,0.003141077132393803,0.21783952921517186,FALSE,TRUE,0.002351206234400972
demographic_only,Redundant -> Isolated,z_log_median_income,Log median income,10,0.003870728409990302,0.0033396919580075198,0.24645308120356724,FALSE,TRUE,0.0016649432654803865
demographic_only,Redundant -> Isolated,z_log_median_income,Log median income,15,0.003870728409990302,0.0030763343661347766,0.20830950265397738,FALSE,FALSE,-0.0020912071364521047
with_physical,Redundant -> Isolated,z_log_median_income,Log median income,5,-4.5020392948493865e-5,0.0021837718438630265,0.9835520673920526,FALSE,TRUE,0.0012403013417337499
with_physical,Redundant -> Isolated,z_log_median_income,Log median income,10,-4.5020392948493865e-5,0.0020529860560351367,0.9825044122744387,FALSE,TRUE,8.603676689926176e-4
with_physical,Redundant -> Isolated,z_log_median_income,Log median income,15,-4.5020392948493865e-5,0.0019808138020893326,0.9818670568547312,FALSE,FALSE,-0.0023898971824157854
demographic_only,Redundant -> Isolated,z_pct_age_65plus,Age 65+ share,5,0.00798420219459716,0.002792929114004655,0.004253541067843911,TRUE,TRUE,0.002351206234400972
demographic_only,Redundant -> Isolated,z_pct_age_65plus,Age 65+ share,10,0.00798420219459716,0.00235874044270557,7.119300971905176e-4,TRUE,TRUE,0.0016649432654803865
demographic_only,Redundant -> Isolated,z_pct_age_65plus,Age 65+ share,15,0.00798420219459716,0.0023760222538130693,7.78514010041465e-4,TRUE,FALSE,-0.0020912071364521047
with_physical,Redundant -> Isolated,z_pct_age_65plus,Age 65+ share,5,3.13131311262123e-4,0.002036328151676767,0.8777891020207863,FALSE,TRUE,0.0012403013417337499
with_physical,Redundant -> Isolated,z_pct_age_65plus,Age 65+ share,10,3.13131311262123e-4,0.001976390332522445,0.8741132750080052,FALSE,TRUE,8.603676689926176e-4
with_physical,Redundant -> Isolated,z_pct_age_65plus,Age 65+ share,15,3.13131311262123e-4,0.0026218989382917448,0.9049353229758358,FALSE,FALSE,-0.0023898971824157854
demographic_only,Redundant -> Isolated,z_no_vehicle_share,No-vehicle household share,5,-0.0023828590688326234,0.0023051803879092134,0.30127762962887544,FALSE,TRUE,0.002351206234400972
demographic_only,Redundant -> Isolated,z_no_vehicle_share,No-vehicle household share,10,-0.0023828590688326234,0.0015847496003982995,0.13267958396924132,FALSE,TRUE,0.0016649432654803865
demographic_only,Redundant -> Isolated,z_no_vehicle_share,No-vehicle household share,15,-0.0023828590688326234,0.0017167490441947204,0.16513502386099943,FALSE,FALSE,-0.0020912071364521047
with_physical,Redundant -> Isolated,z_no_vehicle_share,No-vehicle household share,5,-6.319762905052528e-4,0.001749579090622373,0.7179378413407801,FALSE,TRUE,0.0012403013417337499
with_physical,Redundant -> Isolated,z_no_vehicle_share,No-vehicle household share,10,-6.319762905052528e-4,0.0015960858611511865,0.6921390976658905,FALSE,TRUE,8.603676689926176e-4
with_physical,Redundant -> Isolated,z_no_vehicle_share,No-vehicle household share,15,-6.319762905052528e-4,0.0012409320308926154,0.6105591228157544,FALSE,FALSE,-0.0023898971824157854
with_physical,Redundant -> Isolated,z_elevation_m_mean,Mean elevation,5,-0.05586245004051507,0.009705384964930954,8.622216125111023e-9,TRUE,TRUE,0.0012403013417337499
with_physical,Redundant -> Isolated,z_elevation_m_mean,Mean elevation,10,-0.05586245004051507,0.010958996272577542,3.4433985227532183e-7,TRUE,TRUE,8.603676689926176e-4
with_physical,Redundant -> Isolated,z_elevation_m_mean,Mean elevation,15,-0.05586245004051507,0.010243095626647275,4.934109055422484e-8,TRUE,FALSE,-0.0023898971824157854
with_physical,Redundant -> Isolated,z_drainage_distance_km,Distance to primary drainage,5,-0.0030477352141793507,0.0029121366835511806,0.2953010617353529,FALSE,TRUE,0.0012403013417337499
with_physical,Redundant -> Isolated,z_drainage_distance_km,Distance to primary drainage,10,-0.0030477352141793507,0.00286299528344074,0.287090119287826,FALSE,TRUE,8.603676689926176e-4
with_physical,Redundant -> Isolated,z_drainage_distance_km,Distance to primary drainage,15,-0.0030477352141793507,0.0029514970610259946,0.3017880590351613,FALSE,FALSE,-0.0023898971824157854
demographic_only,Redundant -> Inundated,z_pct_black_nh,Black share,5,-0.028849754385182447,0.007976551334746621,2.9824397321057036e-4,TRUE,TRUE,0.0031686935983304284
demographic_only,Redundant -> Inundated,z_pct_black_nh,Black share,10,-0.028849754385182447,0.009723945814647715,0.003008409628226473,TRUE,TRUE,0.001367000235085779
demographic_only,Redundant -> Inundated,z_pct_black_nh,Black share,15,-0.028849754385182447,0.008477525632539935,6.66291437956876e-4,TRUE,FALSE,-0.0011404517609088065
with_physical,Redundant -> Inundated,z_pct_black_nh,Black share,5,-0.01210438676107535,0.0036538485580711426,9.237448410542793e-4,TRUE,TRUE,0.0015672569769398295
with_physical,Redundant -> Inundated,z_pct_black_nh,Black share,10,-0.01210438676107535,0.004201566392528029,0.003965132425585222,TRUE,TRUE,0.002500701077134841
with_physical,Redundant -> Inundated,z_pct_black_nh,Black share,15,-0.01210438676107535,0.0038584042923489326,0.001705997681516479,TRUE,FALSE,-0.0015435470913295656
demographic_only,Redundant -> Inundated,z_pct_hispanic,Hispanic share,5,-0.034931598359708126,0.008667559568607165,5.5740363265223666e-5,TRUE,TRUE,0.0031686935983304284
demographic_only,Redundant -> Inundated,z_pct_hispanic,Hispanic share,10,-0.034931598359708126,0.010614328511880051,9.983715502943128e-4,TRUE,TRUE,0.001367000235085779
demographic_only,Redundant -> Inundated,z_pct_hispanic,Hispanic share,15,-0.034931598359708126,0.010148809474710968,5.775572713625784e-4,TRUE,FALSE,-0.0011404517609088065
with_physical,Redundant -> Inundated,z_pct_hispanic,Hispanic share,5,-0.017910294379789558,0.004847715657395163,2.2024677633663954e-4,TRUE,TRUE,0.0015672569769398295
with_physical,Redundant -> Inundated,z_pct_hispanic,Hispanic share,10,-0.017910294379789558,0.005743405779077954,0.0018182962642636152,TRUE,TRUE,0.002500701077134841
with_physical,Redundant -> Inundated,z_pct_hispanic,Hispanic share,15,-0.017910294379789558,0.005074407617393225,4.1629215907084804e-4,TRUE,FALSE,-0.0015435470913295656
demographic_only,Redundant -> Inundated,z_renter_share,Renter share,5,0.024204412819986223,0.004132574083093716,4.7135364070321655e-9,TRUE,TRUE,0.0031686935983304284
demographic_only,Redundant -> Inundated,z_renter_share,Renter share,10,0.024204412819986223,0.00477602180795195,4.022233474012936e-7,TRUE,TRUE,0.001367000235085779
demographic_only,Redundant -> Inundated,z_renter_share,Renter share,15,0.024204412819986223,0.005784332627307946,2.85822081996528e-5,TRUE,FALSE,-0.0011404517609088065
with_physical,Redundant -> Inundated,z_renter_share,Renter share,5,0.01121394018536001,0.003138943793762747,3.535621685338854e-4,TRUE,TRUE,0.0015672569769398295
with_physical,Redundant -> Inundated,z_renter_share,Renter share,10,0.01121394018536001,0.00337105647120972,8.793270959873434e-4,TRUE,TRUE,0.002500701077134841
with_physical,Redundant -> Inundated,z_renter_share,Renter share,15,0.01121394018536001,0.003021169281919505,2.0580024732225265e-4,TRUE,FALSE,-0.0015435470913295656
demographic_only,Redundant -> Inundated,z_log_median_income,Log median income,5,0.002316829210834761,0.005370859410986001,0.6661991449434292,FALSE,TRUE,0.0031686935983304284
demographic_only,Redundant -> Inundated,z_log_median_income,Log median income,10,0.002316829210834761,0.005067918975889024,0.6475589721623638,FALSE,TRUE,0.001367000235085779
demographic_only,Redundant -> Inundated,z_log_median_income,Log median income,15,0.002316829210834761,0.004266722561535979,0.5871299864066876,FALSE,FALSE,-0.0011404517609088065
with_physical,Redundant -> Inundated,z_log_median_income,Log median income,5,-0.004222119298390015,0.0033014532546014313,0.20094392941993933,FALSE,TRUE,0.0015672569769398295
with_physical,Redundant -> Inundated,z_log_median_income,Log median income,10,-0.004222119298390015,0.0031901676994488654,0.18567620396497647,FALSE,TRUE,0.002500701077134841
with_physical,Redundant -> Inundated,z_log_median_income,Log median income,15,-0.004222119298390015,0.00341996634049084,0.21699804332970238,FALSE,FALSE,-0.0015435470913295656
demographic_only,Redundant -> Inundated,z_pct_age_65plus,Age 65+ share,5,0.009862574823059786,0.0051396635820508746,0.05499515894322825,FALSE,TRUE,0.0031686935983304284
demographic_only,Redundant -> Inundated,z_pct_age_65plus,Age 65+ share,10,0.009862574823059786,0.004494201655463667,0.028198696361828042,TRUE,TRUE,0.001367000235085779
demographic_only,Redundant -> Inundated,z_pct_age_65plus,Age 65+ share,15,0.009862574823059786,0.004617080309068039,0.03267074177443301,TRUE,FALSE,-0.0011404517609088065
with_physical,Redundant -> Inundated,z_pct_age_65plus,Age 65+ share,5,-0.0037231158065107587,0.003748217187297089,0.3205622601533115,FALSE,TRUE,0.0015672569769398295
with_physical,Redundant -> Inundated,z_pct_age_65plus,Age 65+ share,10,-0.0037231158065107587,0.004628751848459562,0.4211974562000926,FALSE,TRUE,0.002500701077134841
with_physical,Redundant -> Inundated,z_pct_age_65plus,Age 65+ share,15,-0.0037231158065107587,0.005221344236840063,0.47581051609099023,FALSE,FALSE,-0.0015435470913295656
demographic_only,Redundant -> Inundated,z_no_vehicle_share,No-vehicle household share,5,0.0021039999860906623,0.004890915624545171,0.6670608571461348,FALSE,TRUE,0.0031686935983304284
demographic_only,Redundant -> Inundated,z_no_vehicle_share,No-vehicle household share,10,0.0021039999860906623,0.003326775307677119,0.5270966128290813,FALSE,TRUE,0.001367000235085779
demographic_only,Redundant -> Inundated,z_no_vehicle_share,No-vehicle household share,15,0.0021039999860906623,0.0025421925716042396,0.407878925850487,FALSE,FALSE,-0.0011404517609088065
with_physical,Redundant -> Inundated,z_no_vehicle_share,No-vehicle household share,5,0.0060196903156554005,0.002710902143807495,0.02638154158822276,TRUE,TRUE,0.0015672569769398295
with_physical,Redundant -> Inundated,z_no_vehicle_share,No-vehicle household share,10,0.0060196903156554005,0.002714723419334727,0.026594195253728026,TRUE,TRUE,0.002500701077134841
with_physical,Redundant -> Inundated,z_no_vehicle_share,No-vehicle household share,15,0.0060196903156554005,0.002167664338698245,0.005485644775682459,TRUE,FALSE,-0.0015435470913295656
with_physical,Redundant -> Inundated,z_elevation_m_mean,Mean elevation,5,-0.12627053566929933,0.018522232005927813,9.280494284912499e-12,TRUE,TRUE,0.0015672569769398295
with_physical,Redundant -> Inundated,z_elevation_m_mean,Mean elevation,10,-0.12627053566929933,0.023290398965961013,5.907774981863399e-8,TRUE,TRUE,0.002500701077134841
with_physical,Redundant -> Inundated,z_elevation_m_mean,Mean elevation,15,-0.12627053566929933,0.023597822023463392,8.749841080014426e-8,TRUE,FALSE,-0.0015435470913295656
with_physical,Redundant -> Inundated,z_drainage_distance_km,Distance to primary drainage,5,-0.006166545348465796,0.0048369919299129085,0.20235456772495095,FALSE,TRUE,0.0015672569769398295
with_physical,Redundant -> Inundated,z_drainage_distance_km,Distance to primary drainage,10,-0.006166545348465796,0.005373841053947117,0.2511702107612484,FALSE,TRUE,0.002500701077134841
with_physical,Redundant -> Inundated,z_drainage_distance_km,Distance to primary drainage,15,-0.006166545348465796,0.005172791326430849,0.23321742823832375,FALSE,FALSE,-0.0015435470913295656
demographic_only,Redundant -> Worse,z_pct_black_nh,Black share,5,-0.04903668141322914,0.012402768251143222,7.695560477825173e-5,TRUE,TRUE,0.003282600991762119
demographic_only,Redundant -> Worse,z_pct_black_nh,Black share,10,-0.04903668141322914,0.013404488541642025,2.539646238300536e-4,TRUE,TRUE,0.0018583579427983677
demographic_only,Redundant -> Worse,z_pct_black_nh,Black share,15,-0.04903668141322914,0.00999513969991419,9.292759921221125e-7,TRUE,FALSE,-8.629109797300748e-4
with_physical,Redundant -> Worse,z_pct_black_nh,Black share,5,-0.02382356385662799,0.005298896635862187,6.926065519695607e-6,TRUE,TRUE,0.0028459953177449523
with_physical,Redundant -> Worse,z_pct_black_nh,Black share,10,-0.02382356385662799,0.004808079870994268,7.236680859242508e-7,TRUE,TRUE,0.0013468139897632283
with_physical,Redundant -> Worse,z_pct_black_nh,Black share,15,-0.02382356385662799,0.0038282234802937422,4.873077051371602e-10,TRUE,FALSE,-0.0010199209984863892
demographic_only,Redundant -> Worse,z_pct_hispanic,Hispanic share,5,-0.0628045477509041,0.013713405746502207,4.654382742913046e-6,TRUE,TRUE,0.003282600991762119
demographic_only,Redundant -> Worse,z_pct_hispanic,Hispanic share,10,-0.0628045477509041,0.01635498469911968,1.2299121867599894e-4,TRUE,TRUE,0.0018583579427983677
demographic_only,Redundant -> Worse,z_pct_hispanic,Hispanic share,15,-0.0628045477509041,0.015142021434233242,3.358334684973703e-5,TRUE,FALSE,-8.629109797300748e-4
with_physical,Redundant -> Worse,z_pct_hispanic,Hispanic share,5,-0.0383747877023348,0.006501941427222717,3.590108760796809e-9,TRUE,TRUE,0.0028459953177449523
with_physical,Redundant -> Worse,z_pct_hispanic,Hispanic share,10,-0.0383747877023348,0.006519913634998915,3.961771986813655e-9,TRUE,TRUE,0.0013468139897632283
with_physical,Redundant -> Worse,z_pct_hispanic,Hispanic share,15,-0.0383747877023348,0.00462719856956141,1.1014069923917183e-16,TRUE,FALSE,-0.0010199209984863892
demographic_only,Redundant -> Worse,z_renter_share,Renter share,5,0.04289524628625839,0.007339959940394936,5.094033052297635e-9,TRUE,TRUE,0.003282600991762119
demographic_only,Redundant -> Worse,z_renter_share,Renter share,10,0.04289524628625839,0.008100459568021552,1.187503365401219e-7,TRUE,TRUE,0.0018583579427983677
demographic_only,Redundant -> Worse,z_renter_share,Renter share,15,0.04289524628625839,0.008751794393033705,9.52003084744373e-7,TRUE,FALSE,-8.629109797300748e-4
with_physical,Redundant -> Worse,z_renter_share,Renter share,5,0.02249498207497467,0.004367275781616794,2.5937197852506207e-7,TRUE,TRUE,0.0028459953177449523
with_physical,Redundant -> Worse,z_renter_share,Renter share,10,0.02249498207497467,0.004309868594484533,1.7949157631545365e-7,TRUE,TRUE,0.0013468139897632283
with_physical,Redundant -> Worse,z_renter_share,Renter share,15,0.02249498207497467,0.0035108345997446537,1.481160001510773e-10,TRUE,FALSE,-0.0010199209984863892
demographic_only,Redundant -> Worse,z_log_median_income,Log median income,5,0.009061097349230687,0.009457915350906109,0.33804066272106964,FALSE,TRUE,0.003282600991762119
demographic_only,Redundant -> Worse,z_log_median_income,Log median income,10,0.009061097349230687,0.00991151978603862,0.3606125083075213,FALSE,TRUE,0.0018583579427983677
demographic_only,Redundant -> Worse,z_log_median_income,Log median income,15,0.009061097349230687,0.008997766421602103,0.3139162652815178,FALSE,FALSE,-8.629109797300748e-4
with_physical,Redundant -> Worse,z_log_median_income,Log median income,5,-0.0014454214726032273,0.004903318122553755,0.7681586181683123,FALSE,TRUE,0.0028459953177449523
with_physical,Redundant -> Worse,z_log_median_income,Log median income,10,-0.0014454214726032273,0.004545273830427457,0.7504808657954778,FALSE,TRUE,0.0013468139897632283
with_physical,Redundant -> Worse,z_log_median_income,Log median income,15,-0.0014454214726032273,0.004446032661020114,0.7451026220751075,FALSE,FALSE,-0.0010199209984863892
demographic_only,Redundant -> Worse,z_pct_age_65plus,Age 65+ share,5,0.02231353582832445,0.008186887847144178,0.00642000667363442,TRUE,TRUE,0.003282600991762119
demographic_only,Redundant -> Worse,z_pct_age_65plus,Age 65+ share,10,0.02231353582832445,0.006805346122782027,0.0010424042857760866,TRUE,TRUE,0.0018583579427983677
demographic_only,Redundant -> Worse,z_pct_age_65plus,Age 65+ share,15,0.02231353582832445,0.006573659714455885,6.878277227072636e-4,TRUE,FALSE,-8.629109797300748e-4
with_physical,Redundant -> Worse,z_pct_age_65plus,Age 65+ share,5,0.0015184128604128588,0.004410397732599945,0.7306355311850332,FALSE,TRUE,0.0028459953177449523
with_physical,Redundant -> Worse,z_pct_age_65plus,Age 65+ share,10,0.0015184128604128588,0.004860134699241781,0.7547198552509917,FALSE,TRUE,0.0013468139897632283
with_physical,Redundant -> Worse,z_pct_age_65plus,Age 65+ share,15,0.0015184128604128588,0.005357314174829746,0.7768487644423736,FALSE,FALSE,-0.0010199209984863892
demographic_only,Redundant -> Worse,z_no_vehicle_share,No-vehicle household share,5,1.2648417842176828e-4,0.007149576667686453,0.9858852469407582,FALSE,TRUE,0.003282600991762119
demographic_only,Redundant -> Worse,z_no_vehicle_share,No-vehicle household share,10,1.2648417842176828e-4,0.0050566270443083774,0.9800441580169008,FALSE,TRUE,0.0018583579427983677
demographic_only,Redundant -> Worse,z_no_vehicle_share,No-vehicle household share,15,1.2648417842176828e-4,0.004703800887182423,0.9785476436949788,FALSE,FALSE,-8.629109797300748e-4
with_physical,Redundant -> Worse,z_no_vehicle_share,No-vehicle household share,5,0.005658144909960741,0.003652141192270963,0.12131734642317386,FALSE,TRUE,0.0028459953177449523
with_physical,Redundant -> Worse,z_no_vehicle_share,No-vehicle household share,10,0.005658144909960741,0.003973783507117829,0.154484560196782,FALSE,TRUE,0.0013468139897632283
with_physical,Redundant -> Worse,z_no_vehicle_share,No-vehicle household share,15,0.005658144909960741,0.00353840530496593,0.10980585722590744,FALSE,FALSE,-0.0010199209984863892
with_physical,Redundant -> Worse,z_elevation_m_mean,Mean elevation,5,-0.18726490543011617,0.020321092077330877,3.104168150310781e-20,TRUE,TRUE,0.0028459953177449523
with_physical,Redundant -> Worse,z_elevation_m_mean,Mean elevation,10,-0.18726490543011617,0.02602409959473598,6.208353456838549e-13,TRUE,TRUE,0.0013468139897632283
with_physical,Redundant -> Worse,z_elevation_m_mean,Mean elevation,15,-0.18726490543011617,0.02662991366097166,2.034101341236564e-12,TRUE,FALSE,-0.0010199209984863892
with_physical,Redundant -> Worse,z_drainage_distance_km,Distance to primary drainage,5,-0.008801899474546366,0.007462387408404669,0.23819841535395747,FALSE,TRUE,0.0028459953177449523
with_physical,Redundant -> Worse,z_drainage_distance_km,Distance to primary drainage,10,-0.008801899474546366,0.007776408129172242,0.2576882058522438,FALSE,TRUE,0.0013468139897632283
with_physical,Redundant -> Worse,z_drainage_distance_km,Distance to primary drainage,15,-0.008801899474546366,0.008226043055365454,0.28461748081492444,FALSE,FALSE,-0.0010199209984863892
demographic_only,Fragile -> Isolated,z_pct_black_nh,Black share,5,-0.023965576201117365,0.007920770301339551,0.0024808920583782104,TRUE,TRUE,0.0018713990959259143
demographic_only,Fragile -> Isolated,z_pct_black_nh,Black share,10,-0.023965576201117365,0.009253252268700288,0.009598639285498513,TRUE,TRUE,7.776427156659834e-4
demographic_only,Fragile -> Isolated,z_pct_black_nh,Black share,15,-0.023965576201117365,0.006670512954453329,3.2718938490436454e-4,TRUE,FALSE,-7.975311669375024e-4
with_physical,Fragile -> Isolated,z_pct_black_nh,Black share,5,-0.013069459181839242,0.004601388101787225,0.004506693200959956,TRUE,TRUE,0.0014392812085272533
with_physical,Fragile -> Isolated,z_pct_black_nh,Black share,10,-0.013069459181839242,0.005251306268292081,0.01281744885076455,TRUE,TRUE,0.0010979342260904281
with_physical,Fragile -> Isolated,z_pct_black_nh,Black share,15,-0.013069459181839242,0.0036396586120932034,3.2960440355626425e-4,TRUE,FALSE,-6.208125918685228e-4
demographic_only,Fragile -> Isolated,z_pct_hispanic,Hispanic share,5,-0.028686368412868448,0.005986815064594078,1.6546404774256376e-6,TRUE,TRUE,0.0018713990959259143
demographic_only,Fragile -> Isolated,z_pct_hispanic,Hispanic share,10,-0.028686368412868448,0.00787396007709151,2.69275156846335e-4,TRUE,TRUE,7.776427156659834e-4
demographic_only,Fragile -> Isolated,z_pct_hispanic,Hispanic share,15,-0.028686368412868448,0.007072076816926852,4.985913493276403e-5,TRUE,FALSE,-7.975311669375024e-4
with_physical,Fragile -> Isolated,z_pct_hispanic,Hispanic share,5,-0.016280954479195905,0.003751304072743943,1.4243176912824321e-5,TRUE,TRUE,0.0014392812085272533
with_physical,Fragile -> Isolated,z_pct_hispanic,Hispanic share,10,-0.016280954479195905,0.00496347035060613,0.0010374989244635701,TRUE,TRUE,0.0010979342260904281
with_physical,Fragile -> Isolated,z_pct_hispanic,Hispanic share,15,-0.016280954479195905,0.0044914870838374055,2.8913232350198095e-4,TRUE,FALSE,-6.208125918685228e-4
demographic_only,Fragile -> Isolated,z_renter_share,Renter share,5,0.017369738899449934,0.0029088804211744464,2.3539962494876687e-9,TRUE,TRUE,0.0018713990959259143
demographic_only,Fragile -> Isolated,z_renter_share,Renter share,10,0.017369738899449934,0.0034814625578989482,6.062751587719906e-7,TRUE,TRUE,7.776427156659834e-4
demographic_only,Fragile -> Isolated,z_renter_share,Renter share,15,0.017369738899449934,0.003487837456701989,6.355523200961105e-7,TRUE,FALSE,-7.975311669375024e-4
with_physical,Fragile -> Isolated,z_renter_share,Renter share,5,0.007792737438489424,0.0021694118991545134,3.280280088271137e-4,TRUE,TRUE,0.0014392812085272533
with_physical,Fragile -> Isolated,z_renter_share,Renter share,10,0.007792737438489424,0.002501759855258068,0.0018400586773575233,TRUE,TRUE,0.0010979342260904281
with_physical,Fragile -> Isolated,z_renter_share,Renter share,15,0.007792737438489424,0.002304427216946543,7.205516766410399e-4,TRUE,FALSE,-6.208125918685228e-4
demographic_only,Fragile -> Isolated,z_log_median_income,Log median income,5,0.008460592290428429,0.003446618641816013,0.014098200705795677,TRUE,TRUE,0.0018713990959259143
demographic_only,Fragile -> Isolated,z_log_median_income,Log median income,10,0.008460592290428429,0.0036634614838279116,0.020918454231247392,TRUE,TRUE,7.776427156659834e-4
demographic_only,Fragile -> Isolated,z_log_median_income,Log median income,15,0.008460592290428429,0.0038879606127231207,0.029547760834603084,TRUE,FALSE,-7.975311669375024e-4
with_physical,Fragile -> Isolated,z_log_median_income,Log median income,5,0.0017065098303765437,0.0023603604163084484,0.46968788822722646,FALSE,TRUE,0.0014392812085272533
with_physical,Fragile -> Isolated,z_log_median_income,Log median income,10,0.0017065098303765437,0.002654057318016205,0.5202360858094459,FALSE,TRUE,0.0010979342260904281
with_physical,Fragile -> Isolated,z_log_median_income,Log median income,15,0.0017065098303765437,0.002800541219538494,0.5422924629422416,FALSE,FALSE,-6.208125918685228e-4
demographic_only,Fragile -> Isolated,z_pct_age_65plus,Age 65+ share,5,0.010925708939021382,0.0032574612190816718,7.963610343093368e-4,TRUE,TRUE,0.0018713990959259143
demographic_only,Fragile -> Isolated,z_pct_age_65plus,Age 65+ share,10,0.010925708939021382,0.0034414498884800444,0.0014997076456744393,TRUE,TRUE,7.776427156659834e-4
demographic_only,Fragile -> Isolated,z_pct_age_65plus,Age 65+ share,15,0.010925708939021382,0.00316710246969718,5.611077594882282e-4,TRUE,FALSE,-7.975311669375024e-4
with_physical,Fragile -> Isolated,z_pct_age_65plus,Age 65+ share,5,0.001640976035609819,0.002666140865981423,0.5382329062073283,FALSE,TRUE,0.0014392812085272533
with_physical,Fragile -> Isolated,z_pct_age_65plus,Age 65+ share,10,0.001640976035609819,0.0029104995357805865,0.5728817401176755,FALSE,TRUE,0.0010979342260904281
with_physical,Fragile -> Isolated,z_pct_age_65plus,Age 65+ share,15,0.001640976035609819,0.002972912555324261,0.5809648760694617,FALSE,FALSE,-6.208125918685228e-4
demographic_only,Fragile -> Isolated,z_no_vehicle_share,No-vehicle household share,5,-0.0017263640781844415,0.002508193477547973,0.49127028078477464,FALSE,TRUE,0.0018713990959259143
demographic_only,Fragile -> Isolated,z_no_vehicle_share,No-vehicle household share,10,-0.0017263640781844415,0.002154996701830363,0.4230747715054721,FALSE,TRUE,7.776427156659834e-4
demographic_only,Fragile -> Isolated,z_no_vehicle_share,No-vehicle household share,15,-0.0017263640781844415,0.002028128454402586,0.3946524742607104,FALSE,FALSE,-7.975311669375024e-4
with_physical,Fragile -> Isolated,z_no_vehicle_share,No-vehicle household share,5,0.0010025860432185426,0.0021375875193982673,0.6390504098913619,FALSE,TRUE,0.0014392812085272533
with_physical,Fragile -> Isolated,z_no_vehicle_share,No-vehicle household share,10,0.0010025860432185426,0.00247269400370505,0.685137176323531,FALSE,TRUE,0.0010979342260904281
with_physical,Fragile -> Isolated,z_no_vehicle_share,No-vehicle household share,15,0.0010025860432185426,0.001990710509466786,0.6145198148620497,FALSE,FALSE,-6.208125918685228e-4
with_physical,Fragile -> Isolated,z_elevation_m_mean,Mean elevation,5,-0.05559776868734947,0.007719826038119272,5.93592911858949e-13,TRUE,TRUE,0.0014392812085272533
with_physical,Fragile -> Isolated,z_elevation_m_mean,Mean elevation,10,-0.05559776868734947,0.008874966984008388,3.7387809275096193e-10,TRUE,TRUE,0.0010979342260904281
with_physical,Fragile -> Isolated,z_elevation_m_mean,Mean elevation,15,-0.05559776868734947,0.009046701700783826,7.964190607803721e-10,TRUE,FALSE,-6.208125918685228e-4
with_physical,Fragile -> Isolated,z_drainage_distance_km,Distance to primary drainage,5,-0.00612722989539685,0.002956515158677659,0.038223492841200093,TRUE,TRUE,0.0014392812085272533
with_physical,Fragile -> Isolated,z_drainage_distance_km,Distance to primary drainage,10,-0.00612722989539685,0.002719316029851734,0.024244988254123915,TRUE,TRUE,0.0010979342260904281
with_physical,Fragile -> Isolated,z_drainage_distance_km,Distance to primary drainage,15,-0.00612722989539685,0.00222877922939679,0.0059751551126310965,TRUE,FALSE,-6.208125918685228e-4
demographic_only,Fragile -> Inundated,z_pct_black_nh,Black share,5,-0.035170589782255623,0.010172110908190115,5.451095439845374e-4,TRUE,TRUE,0.0022663373974130376
demographic_only,Fragile -> Inundated,z_pct_black_nh,Black share,10,-0.035170589782255623,0.012241587893778183,0.004065407366141966,TRUE,TRUE,0.002994624726265566
demographic_only,Fragile -> Inundated,z_pct_black_nh,Black share,15,-0.035170589782255623,0.010987662856540521,0.0013699129161178138,TRUE,TRUE,0.0015329100781884268
with_physical,Fragile -> Inundated,z_pct_black_nh,Black share,5,-0.012114045896131196,0.0035302476581865923,6.002524676208428e-4,TRUE,TRUE,9.403263033644942e-4
with_physical,Fragile -> Inundated,z_pct_black_nh,Black share,10,-0.012114045896131196,0.003659285036678571,9.313101794463168e-4,TRUE,FALSE,-3.480287074228078e-4
with_physical,Fragile -> Inundated,z_pct_black_nh,Black share,15,-0.012114045896131196,0.003695601197993041,0.0010455890893252308,TRUE,FALSE,-4.408395526867002e-4
demographic_only,Fragile -> Inundated,z_pct_hispanic,Hispanic share,5,-0.04312910313593247,0.009266541351703258,3.2511048972889225e-6,TRUE,TRUE,0.0022663373974130376
demographic_only,Fragile -> Inundated,z_pct_hispanic,Hispanic share,10,-0.04312910313593247,0.01034576022279238,3.06246753649972e-5,TRUE,TRUE,0.002994624726265566
demographic_only,Fragile -> Inundated,z_pct_hispanic,Hispanic share,15,-0.04312910313593247,0.00973585636385996,9.426633153369575e-6,TRUE,TRUE,0.0015329100781884268
with_physical,Fragile -> Inundated,z_pct_hispanic,Hispanic share,5,-0.015541785571347512,0.0039251872598331725,7.510631441488923e-5,TRUE,TRUE,9.403263033644942e-4
with_physical,Fragile -> Inundated,z_pct_hispanic,Hispanic share,10,-0.015541785571347512,0.003946592937112924,8.215469652584258e-5,TRUE,FALSE,-3.480287074228078e-4
with_physical,Fragile -> Inundated,z_pct_hispanic,Hispanic share,15,-0.015541785571347512,0.004302568153630383,3.03596949149665e-4,TRUE,FALSE,-4.408395526867002e-4
demographic_only,Fragile -> Inundated,z_renter_share,Renter share,5,0.034046610066746176,0.0050618370810498305,1.7422644279009127e-11,TRUE,TRUE,0.0022663373974130376
demographic_only,Fragile -> Inundated,z_renter_share,Renter share,10,0.034046610066746176,0.005850779806988715,5.914493081759621e-9,TRUE,TRUE,0.002994624726265566
demographic_only,Fragile -> Inundated,z_renter_share,Renter share,15,0.034046610066746176,0.006508847849320276,1.6875997419663822e-7,TRUE,TRUE,0.0015329100781884268
with_physical,Fragile -> Inundated,z_renter_share,Renter share,5,0.014265502588979613,0.003662366638297385,9.813408909061235e-5,TRUE,TRUE,9.403263033644942e-4
with_physical,Fragile -> Inundated,z_renter_share,Renter share,10,0.014265502588979613,0.0038661918650150858,2.2442407112532894e-4,TRUE,FALSE,-3.480287074228078e-4
with_physical,Fragile -> Inundated,z_renter_share,Renter share,15,0.014265502588979613,0.0032142050419851484,9.068576498848946e-6,TRUE,FALSE,-4.408395526867002e-4
demographic_only,Fragile -> Inundated,z_log_median_income,Log median income,5,0.0073597458559593616,0.006080182340107491,0.22610695060884684,FALSE,TRUE,0.0022663373974130376
demographic_only,Fragile -> Inundated,z_log_median_income,Log median income,10,0.0073597458559593616,0.0057327504633007354,0.19920945208225813,FALSE,TRUE,0.002994624726265566
demographic_only,Fragile -> Inundated,z_log_median_income,Log median income,15,0.0073597458559593616,0.005826344578301466,0.2065230241584094,FALSE,TRUE,0.0015329100781884268
with_physical,Fragile -> Inundated,z_log_median_income,Log median income,5,-0.00449137763617206,0.0030140432543539837,0.13618470555588913,FALSE,TRUE,9.403263033644942e-4
with_physical,Fragile -> Inundated,z_log_median_income,Log median income,10,-0.00449137763617206,0.002954682412108389,0.128488829717291,FALSE,FALSE,-3.480287074228078e-4
with_physical,Fragile -> Inundated,z_log_median_income,Log median income,15,-0.00449137763617206,0.0031111038293957856,0.14883450430743422,FALSE,FALSE,-4.408395526867002e-4
demographic_only,Fragile -> Inundated,z_pct_age_65plus,Age 65+ share,5,0.011925473294793333,0.006868951946407734,0.08253879847813736,FALSE,TRUE,0.0022663373974130376
demographic_only,Fragile -> Inundated,z_pct_age_65plus,Age 65+ share,10,0.011925473294793333,0.006606708568481418,0.07106605313135368,FALSE,TRUE,0.002994624726265566
demographic_only,Fragile -> Inundated,z_pct_age_65plus,Age 65+ share,15,0.011925473294793333,0.007040137603519559,0.09027931420163618,FALSE,TRUE,0.0015329100781884268
with_physical,Fragile -> Inundated,z_pct_age_65plus,Age 65+ share,5,-0.005940628530899786,0.005346992139499308,0.2665586680628098,FALSE,TRUE,9.403263033644942e-4
with_physical,Fragile -> Inundated,z_pct_age_65plus,Age 65+ share,10,-0.005940628530899786,0.005922889335694258,0.31586326216451555,FALSE,FALSE,-3.480287074228078e-4
with_physical,Fragile -> Inundated,z_pct_age_65plus,Age 65+ share,15,-0.005940628530899786,0.006233885070719471,0.3406115234355798,FALSE,FALSE,-4.408395526867002e-4
demographic_only,Fragile -> Inundated,z_no_vehicle_share,No-vehicle household share,5,-9.714300259574205e-4,0.006304947059102131,0.877551186776021,FALSE,TRUE,0.0022663373974130376
demographic_only,Fragile -> Inundated,z_no_vehicle_share,No-vehicle household share,10,-9.714300259574205e-4,0.00493979904311748,0.8440985022417171,FALSE,TRUE,0.002994624726265566
demographic_only,Fragile -> Inundated,z_no_vehicle_share,No-vehicle household share,15,-9.714300259574205e-4,0.004983021193285667,0.8454336548187759,FALSE,TRUE,0.0015329100781884268
with_physical,Fragile -> Inundated,z_no_vehicle_share,No-vehicle household share,5,0.005020926103765104,0.0033164212706827683,0.13003621763653586,FALSE,TRUE,9.403263033644942e-4
with_physical,Fragile -> Inundated,z_no_vehicle_share,No-vehicle household share,10,0.005020926103765104,0.00377913104254593,0.18398236530764175,FALSE,FALSE,-3.480287074228078e-4
with_physical,Fragile -> Inundated,z_no_vehicle_share,No-vehicle household share,15,0.005020926103765104,0.0032747295780908795,0.12521825686867277,FALSE,FALSE,-4.408395526867002e-4
with_physical,Fragile -> Inundated,z_elevation_m_mean,Mean elevation,5,-0.12246126348800655,0.01614919688678709,3.373481065500751e-14,TRUE,TRUE,9.403263033644942e-4
with_physical,Fragile -> Inundated,z_elevation_m_mean,Mean elevation,10,-0.12246126348800655,0.018395538850336825,2.792499519184766e-11,TRUE,FALSE,-3.480287074228078e-4
with_physical,Fragile -> Inundated,z_elevation_m_mean,Mean elevation,15,-0.12246126348800655,0.019417456195729682,2.849345384064468e-10,TRUE,FALSE,-4.408395526867002e-4
with_physical,Fragile -> Inundated,z_drainage_distance_km,Distance to primary drainage,5,-0.007657991148135642,0.0036601633952477487,0.03641580895157737,TRUE,TRUE,9.403263033644942e-4
with_physical,Fragile -> Inundated,z_drainage_distance_km,Distance to primary drainage,10,-0.007657991148135642,0.00417589116614399,0.06667508522631156,FALSE,FALSE,-3.480287074228078e-4
with_physical,Fragile -> Inundated,z_drainage_distance_km,Distance to primary drainage,15,-0.007657991148135642,0.003901636895063837,0.049673641123697994,TRUE,FALSE,-4.408395526867002e-4
demographic_only,Fragile -> Worse,z_pct_black_nh,Black share,5,-0.058596212363895346,0.016121839741461207,2.784274164904893e-4,TRUE,TRUE,0.002929380715280967
demographic_only,Fragile -> Worse,z_pct_black_nh,Black share,10,-0.058596212363895346,0.019475247898281756,0.002623222068036511,TRUE,TRUE,0.0029644859762009493
demographic_only,Fragile -> Worse,z_pct_black_nh,Black share,15,-0.058596212363895346,0.017032554601519763,5.81181317778145e-4,TRUE,TRUE,8.633930347234583e-4
with_physical,Fragile -> Worse,z_pct_black_nh,Black share,5,-0.026669902613724827,0.0061796156537245696,1.5903554155423277e-5,TRUE,TRUE,0.00255812181328696
with_physical,Fragile -> Worse,z_pct_black_nh,Black share,10,-0.026669902613724827,0.007147278188373815,1.9036055731318788e-4,TRUE,TRUE,1.8107427925915842e-4
with_physical,Fragile -> Worse,z_pct_black_nh,Black share,15,-0.026669902613724827,0.006906569367515012,1.1268065547751398e-4,TRUE,TRUE,3.7627594097325924e-4
demographic_only,Fragile -> Worse,z_pct_hispanic,Hispanic share,5,-0.07289276847311982,0.014414317061158831,4.259702904416864e-7,TRUE,TRUE,0.002929380715280967
demographic_only,Fragile -> Worse,z_pct_hispanic,Hispanic share,10,-0.07289276847311982,0.017048549105863318,1.9062361792919985e-5,TRUE,TRUE,0.0029644859762009493
demographic_only,Fragile -> Worse,z_pct_hispanic,Hispanic share,15,-0.07289276847311982,0.01632348753697444,7.987660341397463e-6,TRUE,TRUE,8.633930347234583e-4
with_physical,Fragile -> Worse,z_pct_hispanic,Hispanic share,5,-0.03656120270733393,0.005641548183488746,9.1295748871067894e-11,TRUE,TRUE,0.00255812181328696
with_physical,Fragile -> Worse,z_pct_hispanic,Hispanic share,10,-0.03656120270733393,0.006192985523804885,3.555517197756952e-9,TRUE,TRUE,1.8107427925915842e-4
with_physical,Fragile -> Worse,z_pct_hispanic,Hispanic share,15,-0.03656120270733393,0.006080832722873846,1.826475081973142e-9,TRUE,TRUE,3.7627594097325924e-4
demographic_only,Fragile -> Worse,z_renter_share,Renter share,5,0.05097520666527731,0.006748240540949841,4.225720929544776e-14,TRUE,TRUE,0.002929380715280967
demographic_only,Fragile -> Worse,z_renter_share,Renter share,10,0.05097520666527731,0.007600598914830336,1.9902651823554465e-11,TRUE,TRUE,0.0029644859762009493
demographic_only,Fragile -> Worse,z_renter_share,Renter share,15,0.05097520666527731,0.00783682000189819,7.791180308725314e-11,TRUE,TRUE,8.633930347234583e-4
with_physical,Fragile -> Worse,z_renter_share,Renter share,5,0.022717290872556126,0.0043992410393913235,2.418422258981848e-7,TRUE,TRUE,0.00255812181328696
with_physical,Fragile -> Worse,z_renter_share,Renter share,10,0.022717290872556126,0.004713239963870154,1.4363851254546573e-6,TRUE,TRUE,1.8107427925915842e-4
with_physical,Fragile -> Worse,z_renter_share,Renter share,15,0.022717290872556126,0.003732429893921517,1.1543339493886067e-9,TRUE,TRUE,3.7627594097325924e-4
demographic_only,Fragile -> Worse,z_log_median_income,Log median income,5,0.016150757301129325,0.008670860394263511,0.06251186271684658,FALSE,TRUE,0.002929380715280967
demographic_only,Fragile -> Worse,z_log_median_income,Log median income,10,0.016150757301129325,0.00845580338337618,0.056130581577592924,FALSE,TRUE,0.0029644859762009493
demographic_only,Fragile -> Worse,z_log_median_income,Log median income,15,0.016150757301129325,0.008652714586253779,0.06196392424395076,FALSE,TRUE,8.633930347234583e-4
with_physical,Fragile -> Worse,z_log_median_income,Log median income,5,-0.002451340380406574,0.004393196036364503,0.5768541778135288,FALSE,TRUE,0.00255812181328696
with_physical,Fragile -> Worse,z_log_median_income,Log median income,10,-0.002451340380406574,0.004785212876720133,0.6084592241735662,FALSE,TRUE,1.8107427925915842e-4
with_physical,Fragile -> Worse,z_log_median_income,Log median income,15,-0.002451340380406574,0.00507674412782,0.6291974233685194,FALSE,TRUE,3.7627594097325924e-4
demographic_only,Fragile -> Worse,z_pct_age_65plus,Age 65+ share,5,0.022183342898629155,0.0089379193422926,0.013067077851772907,TRUE,TRUE,0.002929380715280967
demographic_only,Fragile -> Worse,z_pct_age_65plus,Age 65+ share,10,0.022183342898629155,0.008804648212674685,0.011752043747914663,TRUE,TRUE,0.0029644859762009493
demographic_only,Fragile -> Worse,z_pct_age_65plus,Age 65+ share,15,0.022183342898629155,0.008791225810474996,0.011624251860051678,TRUE,TRUE,8.633930347234583e-4
with_physical,Fragile -> Worse,z_pct_age_65plus,Age 65+ share,5,-0.002093089993826554,0.006318655731984152,0.7404514380109364,FALSE,TRUE,0.00255812181328696
with_physical,Fragile -> Worse,z_pct_age_65plus,Age 65+ share,10,-0.002093089993826554,0.006728845118031686,0.7557532656705184,FALSE,TRUE,1.8107427925915842e-4
with_physical,Fragile -> Worse,z_pct_age_65plus,Age 65+ share,15,-0.002093089993826554,0.006943587855028054,0.7630773634140724,FALSE,TRUE,3.7627594097325924e-4
demographic_only,Fragile -> Worse,z_no_vehicle_share,No-vehicle household share,5,-0.0021254477916358835,0.008160423797389913,0.7945104963692836,FALSE,TRUE,0.002929380715280967
demographic_only,Fragile -> Worse,z_no_vehicle_share,No-vehicle household share,10,-0.0021254477916358835,0.005766402150130753,0.7124321063207566,FALSE,TRUE,0.0029644859762009493
demographic_only,Fragile -> Worse,z_no_vehicle_share,No-vehicle household share,15,-0.0021254477916358835,0.005987301724024808,0.7225951368143337,FALSE,TRUE,8.633930347234583e-4
with_physical,Fragile -> Worse,z_no_vehicle_share,No-vehicle household share,5,0.005251060344825721,0.004362017341368273,0.22866122907462375,FALSE,TRUE,0.00255812181328696
with_physical,Fragile -> Worse,z_no_vehicle_share,No-vehicle household share,10,0.005251060344825721,0.00499051724999512,0.2927042980863654,FALSE,TRUE,1.8107427925915842e-4
with_physical,Fragile -> Worse,z_no_vehicle_share,No-vehicle household share,15,0.005251060344825721,0.00458168511364625,0.25175458704285025,FALSE,TRUE,3.7627594097325924e-4
with_physical,Fragile -> Worse,z_elevation_m_mean,Mean elevation,5,-0.17079658214846286,0.017466084919184083,1.3890734176819746e-22,TRUE,TRUE,0.00255812181328696
with_physical,Fragile -> Worse,z_elevation_m_mean,Mean elevation,10,-0.17079658214846286,0.020321620735618752,4.290544857829114e-17,TRUE,TRUE,1.8107427925915842e-4
with_physical,Fragile -> Worse,z_elevation_m_mean,Mean elevation,15,-0.17079658214846286,0.019393559110482805,1.2868712577068899e-18,TRUE,TRUE,3.7627594097325924e-4
with_physical,Fragile -> Worse,z_drainage_distance_km,Distance to primary drainage,5,-0.011183087110275353,0.005866531466713444,0.05661752369535809,FALSE,TRUE,0.00255812181328696
with_physical,Fragile -> Worse,z_drainage_distance_km,Distance to primary drainage,10,-0.011183087110275353,0.006239307801052719,0.07307528245660562,FALSE,TRUE,1.8107427925915842e-4
with_physical,Fragile -> Worse,z_drainage_distance_km,Distance to primary drainage,15,-0.011183087110275353,0.00612796157629647,0.06801193347798985,FALSE,TRUE,3.7627594097325924e-4
