spec,transition,observations,block_groups,converged,residual_df,pearson_dispersion,pearson_dispersion_excl_top_row,top_row_share_of_pearson,top_row,top_row_fitted_p,min_fitted_p,moran_tests,moran_significant_05,moran_i_min,moran_i_max,conley_5,conley_10,conley_15
demographic_only,Redundant -> Fragile,20652,3442,TRUE,20638,3.452279372370275,3.3347251435651484,0.0340979966873689,120990035073@3ft,0.012599480523328876,6.466466320589252e-6,6,6,0.0665284714280607,0.331447770804737,PD,PD,not PD (eigen-repaired)
demographic_only,Redundant -> Isolated,20652,3442,TRUE,20638,4.218716732049804,3.925503225394751,0.06954809550657207,120110902001@1ft,3.4915023585663755e-4,1.0968530023510213e-5,6,5,-0.00127626694643204,0.470789531750335,PD,PD,not PD (eigen-repaired)
demographic_only,Redundant -> Inundated,20652,3442,TRUE,20638,4.778897196370302,4.557198768417983,0.04643733370781378,120110902004@2ft,0.001423724223418579,1.0701250851659851e-5,6,6,0.0170589773341198,0.535804629074178,PD,PD,not PD (eigen-repaired)
demographic_only,Redundant -> Worse,20652,3442,TRUE,20638,6.983512162858145,6.8156562867041925,0.02408331511965855,120110902004@2ft,0.006298265418019859,1.5824708697257596e-5,6,6,0.0268697457206415,0.631460517919395,PD,PD,not PD (eigen-repaired)
demographic_only,Fragile -> Isolated,19068,3178,TRUE,19054,1.8319468099414042,1.766048053771984,0.03602257570152136,120990074101@1ft,8.823319557778976e-5,3.567248008694984e-6,6,5,-0.0016000696762305,0.344013373331043,PD,PD,not PD (eigen-repaired)
demographic_only,Fragile -> Inundated,19068,3178,TRUE,19054,1.8667820559763566,1.8375997223254483,0.015684088688679303,120860107062@1ft,0.0018377755550911706,4.507878738205356e-5,6,6,0.142102438145459,0.455004910069914,PD,PD,PD
demographic_only,Fragile -> Worse,19068,3178,TRUE,19054,2.5134918593064155,2.4801731772808067,0.013307720646928225,120860107062@1ft,0.0016118174466792654,2.9173835957161865e-5,6,6,0.136931438651767,0.580118556317063,PD,PD,PD
with_physical,Redundant -> Fragile,20652,3442,TRUE,20636,5.515380958794977,2.4035571124998905,0.5642294419056708,120860100261@6ft,1.0509230546940241e-4,4.030519500181279e-11,6,6,0.0343153387465981,0.411857808219589,PD,not PD (eigen-repaired),not PD (eigen-repaired)
with_physical,Redundant -> Isolated,20652,3442,TRUE,20636,3.098095077529845,2.5157161077458263,0.18801904534982358,120860100261@6ft,6.236623629574156e-5,8.494257452137266e-13,6,5,-0.00640623520567917,0.341120366431368,PD,PD,not PD (eigen-repaired)
with_physical,Redundant -> Inundated,20652,3442,TRUE,20636,7.674459365849567,3.7071378433706172,0.5169746789383319,120860090572@6ft,4.1214840737550476e-5,2.220446049250313e-16,6,5,-0.00119947834396018,0.275623946128659,PD,PD,not PD (eigen-repaired)
with_physical,Redundant -> Worse,20652,3442,TRUE,20636,4792.382420678273,28.946560502392085,0.9939601736171936,120860100261@6ft,1.2207738679273095e-7,2.220446049250313e-16,6,4,-0.00126440830797987,0.323341290372794,PD,PD,not PD (eigen-repaired)
with_physical,Fragile -> Isolated,19068,3178,TRUE,19052,1.1416806078365331,1.0769422614153414,0.05675394015110202,120860100261@6ft,1.6177677483903135e-4,6.611872831921603e-12,6,5,-0.00534177301314873,0.300224919681399,PD,PD,not PD (eigen-repaired)
with_physical,Fragile -> Inundated,19068,3178,TRUE,19052,3.1071895024812344,2.067202056303148,0.334738498730043,120990072021@1ft,5.6066328567316065e-6,2.220446049250313e-16,6,5,0.00856819500987939,0.212395366766909,PD,not PD (eigen-repaired),not PD (eigen-repaired)
with_physical,Fragile -> Worse,19068,3178,TRUE,19052,31.523733731749516,6.621073252726042,0.7899764735151534,120860100261@6ft,4.215372587499786e-7,2.220446049250313e-16,6,5,0.00368443127714556,0.261385534732941,PD,PD,PD
