arm,transition,term,estimate,std.error,statistic,p.value,conley_se,conley_cutoff_km
approach,Redundant -> Fragile,z_pct_black_nh,-0.2896452889498865,0.06040578971253389,-4.794992174231713,1.626811815298576e-6,0.05184349126381959,25
approach,Redundant -> Fragile,z_pct_hispanic,-0.5328194594715332,0.06969981519457225,-7.644488840954999,2.097770009516225e-14,0.1055351971277943,25
approach,Redundant -> Fragile,z_renter_share,0.4758459191886335,0.05977630975689549,7.960443211095719,1.7142411957327126e-15,0.05878291875240288,25
approach,Redundant -> Fragile,z_log_median_income,0.09058214541229584,0.06472300759286397,1.3995354786677585,0.16165246690744806,0.07742055958109186,25
approach,Redundant -> Fragile,z_pct_age_65plus,0.07824415438365749,0.06464106258658192,1.210440411292052,0.22610994315661226,0.043557319731385075,25
approach,Redundant -> Fragile,z_no_vehicle_share,0.023754705570992705,0.05211641970710371,0.4558007956896323,0.6485332318952133,0.05122658008247015,25
approach,Redundant -> Fragile,z_elevation_m_mean,-1.4246329162082167,0.07996207976317754,-17.816356458305364,5.2763187492246484e-71,0.1448183378000763,25
approach,Redundant -> Fragile,z_drainage_distance_km,-0.24890782258349356,0.06346570616503457,-3.921926306724456,8.784386134655903e-5,0.09821489277033421,25
approach,Redundant -> Isolated,z_pct_black_nh,-0.22809112554504649,0.05216315973779253,-4.372647797633184,1.227486633795573e-5,0.0754304284895849,25
approach,Redundant -> Isolated,z_pct_hispanic,-0.3459717102848187,0.06047061843183266,-5.721319200246411,1.0570009941692498e-8,0.037698360675092545,25
approach,Redundant -> Isolated,z_renter_share,0.1407137400384714,0.04855931464162617,2.897770305799339,0.003758257238340588,0.06618379523719908,25
approach,Redundant -> Isolated,z_log_median_income,-0.0015731093153564003,0.059836198434620735,-0.02629026168958976,0.9790258222741156,0.07013386095878006,25
approach,Redundant -> Isolated,z_pct_age_65plus,0.010941481191413253,0.056302836169796755,0.19433268260973913,0.84591539638415425,0.07989131657306073,25
approach,Redundant -> Isolated,z_no_vehicle_share,-0.02208261022539557,0.04550958659810108,-0.48522985762118487,0.6275133047136148,0.04439629998341011,25
approach,Redundant -> Isolated,z_elevation_m_mean,-1.9519539717619903,0.08671854743188202,-22.509071352875953,3.3828211042993512e-112,0.14470178163465736,25
approach,Redundant -> Isolated,z_drainage_distance_km,-0.10649442045823268,0.050913155450163436,-2.0916876889014513,0.036466462510138326,0.10989016669274049,25
approach,Redundant -> Inundated,z_pct_black_nh,-0.3540343752220724,0.06025669859596779,-5.875435984237002,4.217319187494837e-9,0.05967984539271305,25
approach,Redundant -> Inundated,z_pct_hispanic,-0.5238480896088679,0.08294761718671453,-6.315408535843643,2.6944871109147865e-10,0.06857630305080496,25
approach,Redundant -> Inundated,z_renter_share,0.3279902060080277,0.060403717430138316,5.429967226559762,5.63644018496688e-8,0.08336902993362848,25
approach,Redundant -> Inundated,z_log_median_income,-0.12349038389691587,0.073882086048507,-1.6714523168151847,0.09463236963148489,0.11570234117682267,25
approach,Redundant -> Inundated,z_pct_age_65plus,-0.10889531245993123,0.07662860166426157,-1.421079206652395,0.15529373417815107,0.15455582405152096,25
approach,Redundant -> Inundated,z_no_vehicle_share,0.1760665238167837,0.057796190585106655,3.0463344042981584,0.002316500407760197,0.06869281712084262,25
approach,Redundant -> Inundated,z_elevation_m_mean,-3.6932154836568807,0.16690789310533252,-22.127266811319462,1.7273486982133657e-108,0.34297423444558167,25
approach,Redundant -> Inundated,z_drainage_distance_km,-0.18036180376964311,0.07272947232162073,-2.479899798695856,0.013141930809371732,0.15244412709285207,25
approach,Redundant -> Worse,z_pct_black_nh,-0.5163053690458562,0.05965855192037834,-8.654339611442952,4.9577381899475025e-18,0.07610631363596816,25
approach,Redundant -> Worse,z_pct_hispanic,-0.8316601599290212,0.07640393110845752,-10.885044105236632,1.3583285857652927e-27,0.07630343489908338,25
approach,Redundant -> Worse,z_renter_share,0.4875122837071645,0.05946603493579114,8.198163611102695,2.4408699899232785e-16,0.059142586966964124,25
approach,Redundant -> Worse,z_log_median_income,-0.031325240476618194,0.07443375016292554,-0.42084726898821334,0.6738666124152028,0.11880684222978166,25
approach,Redundant -> Worse,z_pct_age_65plus,0.03290711318240252,0.07126326560796832,0.4617682462579009,0.6442475243781312,0.10136556770697337,25
approach,Redundant -> Worse,z_no_vehicle_share,0.12262357611002478,0.05547599600711474,2.210389807049132,0.02707812060181702,0.07708848576165585,25
approach,Redundant -> Worse,z_elevation_m_mean,-4.058413676016263,0.1546221779201134,-26.247293438804558,7.674684292657779e-152,0.4107233523086991,25
approach,Redundant -> Worse,z_drainage_distance_km,-0.19075516928443592,0.07072103652837536,-2.6972903487903395,0.006990628822820693,0.18820482395674776,25
approach,Fragile -> Isolated,z_pct_black_nh,-0.39167682309098084,0.06840973630052859,-5.725454361793154,1.031572756116869e-8,0.10627234337010343,25
approach,Fragile -> Isolated,z_pct_hispanic,-0.48792168356106214,0.08373688919141671,-5.826842724545297,5.648579845616002e-9,0.050717353880522446,25
approach,Fragile -> Isolated,z_renter_share,0.23353947560892419,0.05492533345095806,4.251944611632586,2.1192228033349934e-5,0.05264411065694337,25
approach,Fragile -> Isolated,z_log_median_income,0.05114215820583751,0.060998558660333276,0.8384158466861401,0.40179719253414026,0.0821198264608231,25
approach,Fragile -> Isolated,z_pct_age_65plus,0.04917818493139518,0.05903683095725625,0.8330085496459166,0.40483990746424414,0.07666654150729663,25
approach,Fragile -> Isolated,z_no_vehicle_share,0.030046363123734238,0.05087660798179161,0.5905732381861547,0.5548064004972709,0.0740911680621495,25
approach,Fragile -> Isolated,z_elevation_m_mean,-1.666201800386367,0.07739634316126247,-21.528172163311137,8.481321815891699e-103,0.154755107567519,25
approach,Fragile -> Isolated,z_drainage_distance_km,-0.18362610928825635,0.04938010643430683,-3.7186252227411587,2.0030998657008696e-4,0.07204842012250444,25
approach,Fragile -> Inundated,z_pct_black_nh,-0.33473912552518115,0.07510946235952713,-4.456683818649672,8.323722991823829e-6,0.08013922000195853,25
approach,Fragile -> Inundated,z_pct_hispanic,-0.42945550609899785,0.09882049042602074,-4.345814357402911,1.3875988998315366e-5,0.08886705514863678,25
approach,Fragile -> Inundated,z_renter_share,0.39418885339795245,0.07594797986127584,5.190248037116527,2.1001413256941538e-7,0.06472808524931921,25
approach,Fragile -> Inundated,z_log_median_income,-0.12410715918277866,0.08148648857025738,-1.5230397254849666,0.12774876701874321,0.09818378926484624,25
approach,Fragile -> Inundated,z_pct_age_65plus,-0.1641533156302833,0.09462711686478187,-1.734738635911854,0.08278710962408624,0.18163724643413515,25
approach,Fragile -> Inundated,z_no_vehicle_share,0.13873980895793642,0.05877070301132777,2.3606967732067963,0.018240638453055607,0.08725325933804605,25
approach,Fragile -> Inundated,z_elevation_m_mean,-3.383888017434324,0.1469755870744773,-23.023469984301528,2.7133598048242213e-117,0.29098427544059297,25
approach,Fragile -> Inundated,z_drainage_distance_km,-0.21160801949805116,0.06423224209988537,-3.294420567928903,9.862481456316752e-4,0.12575524857302237,25
approach,Fragile -> Worse,z_pct_black_nh,-0.5776459888693999,0.07640912219249531,-7.5599087163199306,4.033523279862002e-14,0.1507327010306714,25
approach,Fragile -> Worse,z_pct_hispanic,-0.7918826100744759,0.10993436108838332,-7.20323111204358,5.880217866356192e-13,0.09652988779663604,25
approach,Fragile -> Worse,z_renter_share,0.4920359905510747,0.07065855609333421,6.963572676196994,3.3174989215698603e-12,0.05633274461676281,25
approach,Fragile -> Worse,z_log_median_income,-0.053093817348679406,0.08190074338583353,-0.6482702739162574,0.5168101568258963,0.11573534530966575,25
approach,Fragile -> Worse,z_pct_age_65plus,-0.04533443772835225,0.08696512791340157,-0.5212944408417997,0.6021616730360452,0.14222485528470125,25
approach,Fragile -> Worse,z_no_vehicle_share,0.11373322165447163,0.06033544765974,1.8850149632744388,0.05942781764822452,0.10086152676678983,25
approach,Fragile -> Worse,z_elevation_m_mean,-3.6992996328230845,0.15418906417664638,-23.99197149666198,3.3727156950071885e-127,0.2724560207354865,25
approach,Fragile -> Worse,z_drainage_distance_km,-0.24221556058727187,0.0685857859528729,-3.5315708236354477,4.130992215785323e-4,0.1569167753324608,25
