attachment_arm,transition,term,estimate,std.error,statistic,p.value,conf.low,conf.high,conf.level,n_boot,n_boot_fail,reused_from_reference,ref_estimate,ref_p_value,estimate_pp,abs_diff_pp,rel_diff_pct,sign_change,sig05,ref_sig05,sig05_classification_change,ci_includes_zero
reference,Redundant -> Fragile,z_log_median_income,0.00128834173442032,0.000949874525390718,1.35632833598772,0.174994723589412,-0.000583963853519979,0.003237028238162,0.95,199,0,False,0.00128834173442032,0.174994723589412,0.12883417344203202,0.0,0.0,False,False,False,False,True
reference,Redundant -> Fragile,z_no_vehicle_share,0.000337861047934815,0.000753089577698134,0.448633280741328,0.653696221663004,-0.00112259596106408,0.00173848901448319,0.95,199,0,False,0.000337861047934815,0.653696221663004,0.0337861047934815,0.0,0.0,False,False,False,False,True
reference,Redundant -> Fragile,z_pct_age_65plus,0.00111285959395134,0.0009898854056894,1.12423073171414,0.260915155306268,-0.000618642320585533,0.00300015963409344,0.95,199,0,False,0.00111285959395134,0.260915155306268,0.111285959395134,0.0,0.0,False,False,False,False,True
reference,Redundant -> Fragile,z_pct_black_nh,-0.00411959898208088,0.000957548676824068,-4.30223453051441,1.69084196625121e-05,-0.00625543553422538,-0.0024556518519029,0.95,199,0,False,-0.00411959898208088,1.69084196625121e-05,-0.411959898208088,0.0,0.0,False,True,True,False,False
reference,Redundant -> Fragile,z_pct_hispanic,-0.00757824341561448,0.00110671977962648,-6.84748167975472,7.51613138006973e-12,-0.00986302987717324,-0.00560055831024896,0.95,199,0,False,-0.00757824341561448,7.51613138006973e-12,-0.757824341561448,0.0,0.0,False,True,True,False,False
reference,Redundant -> Fragile,z_renter_share,0.00676791385809718,0.000925107857997209,7.31581058315646,2.55832325084331e-13,0.00515424111442896,0.00883837561521155,0.95,199,0,False,0.00676791385809718,2.55832325084331e-13,0.676791385809718,0.0,0.0,False,True,True,False,False
reference,Redundant -> Isolated,z_log_median_income,-4.50203929486595e-05,0.00173814721407038,-0.0259013693340917,0.979336007843563,-0.0035035701251982,0.00284907751174327,0.95,199,0,False,-4.50203929486595e-05,0.979336007843563,-0.00450203929486595,0.0,0.0,False,False,False,False,True
reference,Redundant -> Isolated,z_no_vehicle_share,-0.000631976290505451,0.00138507764263065,-0.456274992140623,0.648192244658022,-0.00359253037638171,0.00188559308754697,0.95,199,0,False,-0.000631976290505451,0.648192244658022,-0.0631976290505451,0.0,0.0,False,False,False,False,True
reference,Redundant -> Isolated,z_pct_age_65plus,0.000313131311261514,0.00172132571557628,0.181912875888618,0.855651099600689,-0.00333910256582882,0.00340719442797637,0.95,199,0,False,0.000313131311261514,0.855651099600689,0.031313131126151396,0.0,0.0,False,False,False,False,True
reference,Redundant -> Isolated,z_pct_black_nh,-0.00652767865592524,0.0017917189502294,-3.64324921332638,0.000269217949252697,-0.0106203353407902,-0.00364456368633213,0.95,199,0,False,-0.00652767865592524,0.000269217949252697,-0.652767865592524,0.0,0.0,False,True,True,False,False
reference,Redundant -> Isolated,z_pct_hispanic,-0.00990127144803677,0.00185616726251369,-5.33425604900935,9.59370692927208e-08,-0.0146149402538817,-0.00740890728070022,0.95,199,0,False,-0.00990127144803677,9.59370692927208e-08,-0.990127144803677,0.0,0.0,False,True,True,False,False
reference,Redundant -> Isolated,z_renter_share,0.00402704872963411,0.00146634726571214,2.74631311681707,0.00602692120098479,0.00112318573370171,0.00663886363886113,0.95,199,0,False,0.00402704872963411,0.00602692120098479,0.402704872963411,0.0,0.0,False,True,True,False,False
reference,Redundant -> Inundated,z_log_median_income,-0.00422211929838988,0.00256011922964451,-1.64918854149467,0.0991090146918128,-0.00944577522034695,0.000293414505025337,0.95,199,0,False,-0.00422211929838988,0.0991090146918128,-0.42221192983898803,0.0,0.0,False,False,False,False,True
reference,Redundant -> Inundated,z_no_vehicle_share,0.00601969031565587,0.00185275838687539,3.24904227032423,0.0011579426982363,0.00236379862090877,0.00904547840399325,0.95,199,0,False,0.00601969031565587,0.0011579426982363,0.601969031565587,0.0,0.0,False,True,True,False,False
reference,Redundant -> Inundated,z_pct_age_65plus,-0.00372311580651114,0.00279907538781251,-1.33012344816506,0.183477601008353,-0.00875352614047565,0.00133587305286233,0.95,199,0,False,-0.00372311580651114,0.183477601008353,-0.37231158065111397,0.0,0.0,False,False,False,False,True
reference,Redundant -> Inundated,z_pct_black_nh,-0.0121043867610758,0.00211168305062567,-5.73210395257441,9.91924458449939e-09,-0.0158885763162838,-0.0076297042754983,0.95,199,0,False,-0.0121043867610758,9.91924458449939e-09,-1.21043867610758,0.0,0.0,False,True,True,False,False
reference,Redundant -> Inundated,z_pct_hispanic,-0.0179102943797886,0.00292267999412299,-6.12803810742304,8.89692799390271e-10,-0.0233304229083898,-0.0121765695424254,0.95,199,0,False,-0.0179102943797886,8.89692799390271e-10,-1.79102943797886,0.0,0.0,False,True,True,False,False
reference,Redundant -> Inundated,z_renter_share,0.0112139401853598,0.00212299818151842,5.2821242537944,1.27694541778597e-07,0.00724103834905322,0.0149191151770529,0.95,199,0,False,0.0112139401853598,1.27694541778597e-07,1.12139401853598,0.0,0.0,False,True,True,False,False
reference,Redundant -> Worse,z_log_median_income,-0.00144542147260248,0.00335334317293082,-0.431038935791107,0.666440059960225,-0.00771983162089413,0.0055043079962864,0.95,199,0,False,-0.00144542147260248,0.666440059960225,-0.144542147260248,0.0,0.0,False,False,False,False,True
reference,Redundant -> Worse,z_no_vehicle_share,0.00565814490996058,0.00253265826653025,2.23407357586867,0.0254782323308286,0.0013445441297816,0.0117748682137164,0.95,199,0,False,0.00565814490996058,0.0254782323308286,0.5658144909960581,0.0,0.0,False,True,True,False,False
reference,Redundant -> Worse,z_pct_age_65plus,0.00151841286041298,0.00324402631080808,0.468064286456033,0.639738617796014,-0.00590562189326416,0.00631915580243995,0.95,199,0,False,0.00151841286041298,0.639738617796014,0.151841286041298,0.0,0.0,False,False,False,False,True
reference,Redundant -> Worse,z_pct_black_nh,-0.0238235638566257,0.00283243845866001,-8.41097316123026,4.06622771910658e-17,-0.0295243115661894,-0.0190344822619832,0.95,199,0,False,-0.0238235638566257,4.06622771910658e-17,-2.38235638566257,0.0,0.0,False,True,True,False,False
reference,Redundant -> Worse,z_pct_hispanic,-0.0383747877023337,0.00371466981233204,-10.3306053138118,5.12362301165613e-25,-0.0461006852731406,-0.0316200132921087,0.95,199,0,False,-0.0383747877023337,5.12362301165613e-25,-3.83747877023337,0.0,0.0,False,True,True,False,False
reference,Redundant -> Worse,z_renter_share,0.0224949820749746,0.00289283455541156,7.77610390227597,7.47922844841831e-15,0.0169504817712219,0.0283644038464621,0.95,199,0,False,0.0224949820749746,7.47922844841831e-15,2.24949820749746,0.0,0.0,False,True,True,False,False
reference,Fragile -> Isolated,z_log_median_income,0.00170650983037696,0.00217539169644106,0.784460947041771,0.432769688473494,-0.0030323302933623,0.00559154838170426,0.95,199,0,False,0.00170650983037696,0.432769688473494,0.170650983037696,0.0,0.0,False,False,False,False,True
reference,Fragile -> Isolated,z_no_vehicle_share,0.00100258604321836,0.00195629512455083,0.512492226063569,0.608306559653591,-0.00334668906579948,0.0047795505473032,0.95,199,0,False,0.00100258604321836,0.608306559653591,0.100258604321836,0.0,0.0,False,False,False,False,True
reference,Fragile -> Isolated,z_pct_age_65plus,0.00164097603561017,0.00216315779706094,0.758602094511897,0.448090619381845,-0.00230294337727302,0.006005011207876,0.95,199,0,False,0.00164097603561017,0.448090619381845,0.164097603561017,0.0,0.0,False,False,False,False,True
reference,Fragile -> Isolated,z_pct_black_nh,-0.0130694591818405,0.00265094608100078,-4.93011128197166,8.21827889671702e-07,-0.0187870179825341,-0.00938642876021262,0.95,199,0,False,-0.0130694591818405,8.21827889671702e-07,-1.30694591818405,0.0,0.0,False,True,True,False,False
reference,Fragile -> Isolated,z_pct_hispanic,-0.0162809544791954,0.00330341584663129,-4.92852103249375,8.28544164632602e-07,-0.0235668087903221,-0.0113914352066938,0.95,199,0,False,-0.0162809544791954,8.28544164632602e-07,-1.62809544791954,0.0,0.0,False,True,True,False,False
reference,Fragile -> Isolated,z_renter_share,0.00779273743849076,0.00234459585016368,3.32370179617384,0.000888311281850364,0.00371373884892329,0.0129251268567341,0.95,199,0,False,0.00779273743849076,0.000888311281850364,0.779273743849076,0.0,0.0,False,True,True,False,False
reference,Fragile -> Inundated,z_log_median_income,-0.00449137763617265,0.00308934354740255,-1.45382912818126,0.14599368564152,-0.0108329799940766,0.00120322437144024,0.95,199,0,False,-0.00449137763617265,0.14599368564152,-0.449137763617265,0.0,0.0,False,False,False,False,True
reference,Fragile -> Inundated,z_no_vehicle_share,0.00502092610376523,0.00211086858761105,2.37860667084331,0.0173782080384699,0.000995385594819193,0.00850379779700005,0.95,199,0,False,0.00502092610376523,0.0173782080384699,0.502092610376523,0.0,0.0,False,True,True,False,False
reference,Fragile -> Inundated,z_pct_age_65plus,-0.00594062853089948,0.0032680247527695,-1.81780401934382,0.0690940921079512,-0.0129568820899121,0.000741663099862829,0.95,199,0,False,-0.00594062853089948,0.0690940921079512,-0.594062853089948,0.0,0.0,False,False,False,False,True
reference,Fragile -> Inundated,z_pct_black_nh,-0.0121140458961322,0.0028210880559693,-4.29410413847217,1.75400135876886e-05,-0.0181445297279759,-0.0067337081825914,0.95,199,0,False,-0.0121140458961322,1.75400135876886e-05,-1.21140458961322,0.0,0.0,False,True,True,False,False
reference,Fragile -> Inundated,z_pct_hispanic,-0.0155417855713482,0.00328891878819876,-4.72549995065702,2.29549890361095e-06,-0.0220021559323438,-0.0097827123504284,0.95,199,0,False,-0.0155417855713482,2.29549890361095e-06,-1.5541785571348201,0.0,0.0,False,True,True,False,False
reference,Fragile -> Inundated,z_renter_share,0.0142655025889802,0.00262075458744055,5.44328059458324,5.23081515861814e-08,0.00945548757962571,0.0194807022153473,0.95,199,0,False,0.0142655025889802,5.23081515861814e-08,1.4265502588980201,0.0,0.0,False,True,True,False,False
reference,Fragile -> Worse,z_log_median_income,-0.00245134038040769,0.00382236740624898,-0.64131469319253,0.521318244819336,-0.0106989638896307,0.00459742302196224,0.95,199,0,False,-0.00245134038040769,0.521318244819336,-0.245134038040769,0.0,0.0,False,False,False,False,True
reference,Fragile -> Worse,z_no_vehicle_share,0.0052510603448269,0.00275792514429258,1.90398943774589,0.0569115597929165,6.86026451721332e-05,0.010670391505403,0.95,199,0,False,0.0052510603448269,0.0569115597929165,0.52510603448269,0.0,0.0,False,False,False,False,False
reference,Fragile -> Worse,z_pct_age_65plus,-0.00209308999382606,0.00383638369588126,-0.545589325716613,0.585348263408316,-0.00917679791841785,0.00396129726554684,0.95,199,0,False,-0.00209308999382606,0.585348263408316,-0.209308999382606,0.0,0.0,False,False,False,False,True
reference,Fragile -> Worse,z_pct_black_nh,-0.0266699026137245,0.00343800020448306,-7.75738831514545,8.66961673532519e-15,-0.0335031128253465,-0.0208074585397317,0.95,199,0,False,-0.0266699026137245,8.66961673532519e-15,-2.66699026137245,0.0,0.0,False,True,True,False,False
reference,Fragile -> Worse,z_pct_hispanic,-0.0365612027073358,0.00456449167269144,-8.009917714622,1.14785218135119e-15,-0.0454297201636858,-0.0288159068655897,0.95,199,0,False,-0.0365612027073358,1.14785218135119e-15,-3.65612027073358,0.0,0.0,False,True,True,False,False
reference,Fragile -> Worse,z_renter_share,0.022717290872554,0.00308871900823976,7.35492312895771,1.91037023785637e-13,0.0170436307637146,0.0292887144335091,0.95,199,0,False,0.022717290872554,1.91037023785637e-13,2.2717290872554,0.0,0.0,False,True,True,False,False
origin_1000,Redundant -> Fragile,z_log_median_income,0.00128425718762743,0.000950769524317198,1.35075552463646,0.176773759337635,-0.000572732160888844,0.00322982197400972,0.95,199,0,False,0.00128834173442032,0.174994723589412,0.128425718762743,-0.0004084546792889948,-0.31703908084043864,False,False,False,False,True
origin_1000,Redundant -> Fragile,z_no_vehicle_share,0.000322373771580025,0.000751842038077515,0.428778593445434,0.668084358679862,-0.00111434609626344,0.00172974177060975,0.95,199,0,False,0.000337861047934815,0.653696221663004,0.0322373771580025,-0.0015487276354789973,-4.583918877140878,False,False,False,False,True
origin_1000,Redundant -> Fragile,z_pct_age_65plus,0.00110972967942003,0.000992054310123338,1.11861787010639,0.263303196472433,-0.000632068931354181,0.00300715357340269,0.95,199,0,False,0.00111285959395134,0.260915155306268,0.11097296794200301,-0.0003129914531309992,-0.2812497235340227,False,False,False,False,True
origin_1000,Redundant -> Fragile,z_pct_black_nh,-0.00412334631872193,0.000959828525002649,-4.29591975161453,1.7397051277867e-05,-0.00630219300861489,-0.00244470304246671,0.95,199,0,False,-0.00411959898208088,1.69084196625121e-05,-0.412334631872193,-0.00037473366410502307,-0.09096362673527478,False,True,True,False,False
origin_1000,Redundant -> Fragile,z_pct_hispanic,-0.00758397690379472,0.00110558912418515,-6.85967032226763,6.90196437273286e-12,-0.00989175217217341,-0.00560478000734626,0.95,199,0,False,-0.00757824341561448,7.51613138006973e-12,-0.758397690379472,-0.0005733488180240109,-0.07565721851091017,False,True,True,False,False
origin_1000,Redundant -> Fragile,z_renter_share,0.00681452944726612,0.00092458632043658,7.37035504056384,1.70174215370068e-13,0.00522481478686227,0.00885909871242867,0.95,199,0,False,0.00676791385809718,2.55832325084331e-13,0.681452944726612,0.004661558916894005,0.6887733819656825,False,True,True,False,False
origin_1000,Redundant -> Isolated,z_log_median_income,-3.68520255001205e-05,0.00174027909244894,-0.0211759284243666,0.983105316311154,-0.00352542628125563,0.00284147732417391,0.95,199,0,False,-4.50203929486595e-05,0.979336007843563,-0.00368520255001205,0.0008168367448538997,18.14370536004443,False,False,False,False,True
origin_1000,Redundant -> Isolated,z_no_vehicle_share,-0.000662803784045645,0.00138249793891868,-0.479424790002984,0.631636461208637,-0.00362609362207887,0.00183204992973151,0.95,199,0,False,-0.000631976290505451,0.648192244658022,-0.06628037840456451,-0.0030827493540194046,-4.877950961663197,False,False,False,False,True
origin_1000,Redundant -> Isolated,z_pct_age_65plus,0.000301422519493181,0.00171658796308651,0.175593984098088,0.860612928912706,-0.00334726052397645,0.00346722727181185,0.95,199,0,False,0.000313131311261514,0.855651099600689,0.030142251949318098,-0.0011708791768333003,-3.7392593289894016,False,False,False,False,True
origin_1000,Redundant -> Isolated,z_pct_black_nh,-0.00651761773128823,0.00178880464489576,-3.64356037976859,0.000268892537057036,-0.0105501586314953,-0.00365028938753124,0.95,199,0,False,-0.00652767865592524,0.000269217949252697,-0.651761773128823,0.0010060924637009423,0.15412714331268468,False,True,True,False,False
origin_1000,Redundant -> Isolated,z_pct_hispanic,-0.00991391715706156,0.00184439053323692,-5.37517243686051,7.65094250749384e-08,-0.0146230475477871,-0.00740227949676399,0.95,199,0,False,-0.00990127144803677,9.59370692927208e-08,-0.9913917157061559,-0.0012645709024788898,-0.1277180318826255,False,True,True,False,False
origin_1000,Redundant -> Isolated,z_renter_share,0.00411055772891687,0.00145788163196377,2.81954147634054,0.00480923153474305,0.00124768333984195,0.00665665396235822,0.95,199,0,False,0.00402704872963411,0.00602692120098479,0.41105577289168704,0.00835089992827602,2.0737022293332834,False,True,True,False,False
origin_1000,Redundant -> Inundated,z_log_median_income,-0.00414777735505443,0.00256015413184984,-1.62012798505122,0.105204787014448,-0.00939888763349113,0.000319033925256971,0.95,199,0,False,-0.00422211929838988,0.0991090146918128,-0.41477773550544306,0.007434194333545002,1.7607731587262485,False,False,False,False,True
origin_1000,Redundant -> Inundated,z_no_vehicle_share,0.00603017446583077,0.00185752763078897,3.24634442356558,0.00116897320462035,0.00236334297547665,0.00905652116317624,0.95,199,0,False,0.00601969031565587,0.0011579426982363,0.603017446583077,0.0010484150174900134,0.17416427798010142,False,True,True,False,False
origin_1000,Redundant -> Inundated,z_pct_age_65plus,-0.00362960678393356,0.00278359282209344,-1.30392877691208,0.192257867500118,-0.008696448661141,0.00139353200626133,0.95,199,0,False,-0.00372311580651114,0.183477601008353,-0.362960678393356,0.009350902257757986,2.511579747641677,False,False,False,False,True
origin_1000,Redundant -> Inundated,z_pct_black_nh,-0.01215266158319,0.00211394237529934,-5.74881402879732,8.98716015749977e-09,-0.0158916607009443,-0.00769815855557534,0.95,199,0,False,-0.0121043867610758,9.91924458449939e-09,-1.215266158319,-0.004827482211420056,-0.39882088260297827,False,True,True,False,False
origin_1000,Redundant -> Inundated,z_pct_hispanic,-0.0180477754312512,0.00291772290058428,-6.18556869387325,6.18789811735676e-10,-0.0234345680630597,-0.012241256013917,0.95,199,0,False,-0.0179102943797886,8.89692799390271e-10,-1.80477754312512,-0.013748105146259987,-0.7676091109800206,False,True,True,False,False
origin_1000,Redundant -> Inundated,z_renter_share,0.011204984353487,0.00212678093894116,5.26851832660563,1.37529314087043e-07,0.00721827119907942,0.0148959676419677,0.95,199,0,False,0.0112139401853598,1.27694541778597e-07,1.1204984353487,-0.0008955831872801273,-0.07986338186905466,False,True,True,False,False
origin_1000,Redundant -> Worse,z_log_median_income,-0.00136659377064605,0.00336328216137071,-0.406327422165821,0.684502039213018,-0.007685605587171,0.00552766299848925,0.95,199,0,False,-0.00144542147260248,0.666440059960225,-0.136659377064605,0.007882770195643011,5.4536135964896735,False,False,False,False,True
origin_1000,Redundant -> Worse,z_no_vehicle_share,0.00563920515472607,0.00253239411058568,2.22682762179614,0.0259587965831898,0.00133346956194669,0.0117761545847115,0.95,199,0,False,0.00565814490996058,0.0254782323308286,0.563920515472607,-0.0018939755234510282,-0.3347343614542073,False,True,True,False,False
origin_1000,Redundant -> Worse,z_pct_age_65plus,0.0016233778924948,0.00323246582629779,0.502210380474182,0.615519541810895,-0.00567558710608781,0.00637500464849598,0.95,199,0,False,0.00151841286041298,0.639738617796014,0.16233778924948,0.01049650320818199,6.912812372602756,False,False,False,False,True
origin_1000,Redundant -> Worse,z_pct_black_nh,-0.0238557575337323,0.00283153781531055,-8.42501816671515,3.60694281322411e-17,-0.0295968982501958,-0.0191311518317179,0.95,199,0,False,-0.0238235638566257,4.06622771910658e-17,-2.38557575337323,-0.003219367710659976,-0.13513375790602464,False,True,True,False,False
origin_1000,Redundant -> Worse,z_pct_hispanic,-0.0385175317694108,0.00369467257192977,-10.4251543322262,1.90350057373888e-25,-0.0462803356630932,-0.0318887901221954,0.95,199,0,False,-0.0383747877023337,5.12362301165613e-25,-3.85175317694108,-0.014274406707710102,-0.3719735681258773,False,True,True,False,False
origin_1000,Redundant -> Worse,z_renter_share,0.0225392161683477,0.00289924150892071,7.77417683176671,7.59395957452852e-15,0.0170032203415456,0.0284932734171172,0.95,199,0,False,0.0224949820749746,7.47922844841831e-15,2.25392161683477,0.004423409337310155,0.19663982494261,False,True,True,False,False
origin_1000,Fragile -> Isolated,z_log_median_income,0.0014991502041912,0.00216806784360075,0.691468308344722,0.489271290016304,-0.00309095693113318,0.00550110654939232,0.95,199,0,False,0.00170650983037696,0.432769688473494,0.14991502041912,-0.020735962618576,-12.151094737025641,False,False,False,False,True
origin_1000,Fragile -> Isolated,z_no_vehicle_share,0.000836991559745841,0.00192286097385327,0.435284490728715,0.663355940961196,-0.00337997982477664,0.00463665864646367,0.95,199,0,False,0.00100258604321836,0.608306559653591,0.08369915597458409,-0.01655944834725191,-16.516735355795607,False,False,False,False,True
origin_1000,Fragile -> Isolated,z_pct_age_65plus,0.0016018004399914,0.00217290300800555,0.737170703933835,0.461018546672847,-0.00244313798595729,0.00596654708747557,0.95,199,0,False,0.00164097603561017,0.448090619381845,0.16018004399914001,-0.003917559561876982,-2.3873350230981902,False,False,False,False,True
origin_1000,Fragile -> Isolated,z_pct_black_nh,-0.0129582074972365,0.00260932219836943,-4.96612013086546,6.83056522315369e-07,-0.0185658709856416,-0.0092729830536942,0.95,199,0,False,-0.0130694591818405,8.21827889671702e-07,-1.29582074972365,0.011125168460399994,0.8512340339115163,False,True,True,False,False
origin_1000,Fragile -> Isolated,z_pct_hispanic,-0.0162458279755331,0.00331021771943497,-4.90778231297309,9.21120100105595e-07,-0.0235962841132427,-0.0112955003399144,0.95,199,0,False,-0.0162809544791954,8.28544164632602e-07,-1.62458279755331,0.0035126503662299274,0.21575211519192958,False,True,True,False,False
origin_1000,Fragile -> Isolated,z_renter_share,0.00793889481398524,0.00233652136063698,3.39774116673213,0.000679446713156267,0.00383939267363263,0.0130658044866853,0.95,199,0,False,0.00779273743849076,0.000888311281850364,0.793889481398524,0.014615737549448019,1.8755588347242822,False,True,True,False,False
origin_1000,Fragile -> Inundated,z_log_median_income,-0.00394273969156666,0.00308235534058902,-1.27913211032094,0.200850537814139,-0.0101284790964163,0.00165537430925017,0.95,199,0,False,-0.00449137763617265,0.14599368564152,-0.39427396915666596,0.054863794460599004,12.215359941844362,False,False,False,False,True
origin_1000,Fragile -> Inundated,z_no_vehicle_share,0.00532306468027708,0.00212329771607614,2.50697989263329,0.0121767638366146,0.00130754134721351,0.0086350080908432,0.95,199,0,False,0.00502092610376523,0.0173782080384699,0.532306468027708,0.030213857651184995,6.017586601907444,False,True,True,False,False
origin_1000,Fragile -> Inundated,z_pct_age_65plus,-0.00589207982755471,0.0032660721334464,-1.80402623910738,0.0712271936425157,-0.0130549887267486,0.000554631155317882,0.95,199,0,False,-0.00594062853089948,0.0690940921079512,-0.589207982755471,0.00485487033447694,0.8172317641517061,False,False,False,False,True
origin_1000,Fragile -> Inundated,z_pct_black_nh,-0.0123332757878554,0.00281732687462762,-4.37765170201826,1.19964858191044e-05,-0.0183961520038076,-0.00685269051158291,0.95,199,0,False,-0.0121140458961322,1.75400135876886e-05,-1.23332757878554,-0.02192298917232001,-1.8097165356885128,False,True,True,False,False
origin_1000,Fragile -> Inundated,z_pct_hispanic,-0.0159456846062731,0.00323128697604894,-4.93477822442461,8.02418850558773e-07,-0.0224334942163028,-0.0102986228042584,0.95,199,0,False,-0.0155417855713482,2.29549890361095e-06,-1.5945684606273098,-0.0403899034924899,-2.5987942831324373,False,True,True,False,False
origin_1000,Fragile -> Inundated,z_renter_share,0.0143179978047467,0.00257670008016948,5.55671881059782,2.74893061355759e-08,0.00973970987430023,0.0197127954323976,0.95,199,0,False,0.0142655025889802,5.23081515861814e-08,1.43179978047467,0.005249521576649978,0.3679871454865616,False,True,True,False,False
origin_1000,Fragile -> Worse,z_log_median_income,-0.00204062082298617,0.00382848365273588,-0.533010196224273,0.594026522185685,-0.0102590517286172,0.00482846083510025,0.95,199,0,False,-0.00245134038040769,0.521318244819336,-0.204062082298617,0.041071955742151986,16.754897063834598,False,False,False,False,True
origin_1000,Fragile -> Worse,z_no_vehicle_share,0.00547666760842321,0.00277962089023126,1.9702930092627,0.0488047991691532,0.000229911982382732,0.0109312262067161,0.95,199,0,False,0.0052510603448269,0.0569115597929165,0.547666760842321,0.022560726359631064,4.296413462826958,False,True,False,True,False
origin_1000,Fragile -> Worse,z_pct_age_65plus,-0.0020680763406105,0.00382828795329253,-0.540209191639267,0.589052774494602,-0.00922094512502833,0.00396262188376321,0.95,199,0,False,-0.00209308999382606,0.585348263408316,-0.20680763406105002,0.0025013653215559713,1.1950586591757602,False,False,False,False,True
origin_1000,Fragile -> Worse,z_pct_black_nh,-0.0267454717832162,0.00345344860685947,-7.74456921990747,9.59064383627538e-15,-0.0335680074782092,-0.0207118481774644,0.95,199,0,False,-0.0266699026137245,8.66961673532519e-15,-2.67454717832162,-0.007556916949169948,-0.2833500016337184,False,True,True,False,False
origin_1000,Fragile -> Worse,z_pct_hispanic,-0.0368069167563112,0.00456977001202584,-8.05443526905072,7.98465988630056e-16,-0.0457089271128102,-0.0290554884588568,0.95,199,0,False,-0.0365612027073358,1.14785218135119e-15,-3.6806916756311203,-0.024571404897540117,-0.6720622703314407,False,True,True,False,False
origin_1000,Fragile -> Worse,z_renter_share,0.0228036105884594,0.00306343436629085,7.44380582766316,9.7825257444258e-14,0.0173231406625366,0.0292822837376279,0.95,199,0,False,0.022717290872554,1.91037023785637e-13,2.28036105884594,0.00863197159054023,0.3799736350151235,False,True,True,False,False
origin_500,Redundant -> Fragile,z_log_median_income,0.00137268407391648,0.000950740889698147,1.44380460416748,0.148793946525114,-0.000421395767515674,0.00331434563140139,0.95,199,0,False,0.00128834173442032,0.174994723589412,0.137268407391648,0.008434233949615996,6.546581333415329,False,False,False,False,True
origin_500,Redundant -> Fragile,z_no_vehicle_share,0.000261288920711948,0.000745522026235859,0.350477801482535,0.725980146855431,-0.00119315552528235,0.00175768956025802,0.95,199,0,False,0.000337861047934815,0.653696221663004,0.0261288920711948,-0.007657212722286697,-22.66379261264837,False,False,False,False,True
origin_500,Redundant -> Fragile,z_pct_age_65plus,0.00124348901241745,0.00099773660884443,1.24630989922045,0.212650644994274,-0.000542205503997373,0.00310035760324999,0.95,199,0,False,0.00111285959395134,0.260915155306268,0.12434890124174501,0.013062941846611002,11.738176062471167,False,False,False,False,True
origin_500,Redundant -> Fragile,z_pct_black_nh,-0.00413312696961682,0.000964260050500955,-4.28631982365085,1.81657408037463e-05,-0.00636106247945163,-0.00243988021091124,0.95,199,0,False,-0.00411959898208088,1.69084196625121e-05,-0.413312696961682,-0.0013527987535940332,-0.3283811748372439,False,True,True,False,False
origin_500,Redundant -> Fragile,z_pct_hispanic,-0.00774023564438929,0.00111700146538981,-6.92947671441786,4.22400144047238e-12,-0.0100357143042274,-0.005923921397191,0.95,199,0,False,-0.00757824341561448,7.51613138006973e-12,-0.7740235644389291,-0.016199222877481042,-2.137596008608485,False,True,True,False,False
origin_500,Redundant -> Fragile,z_renter_share,0.00692798284155846,0.000928081629706235,7.46484212143211,8.33995488077014e-14,0.00533877990416491,0.00901784946123222,0.95,199,0,False,0.00676791385809718,2.55832325084331e-13,0.692798284155846,0.01600689834612805,2.3651155558041395,False,True,True,False,False
origin_500,Redundant -> Isolated,z_log_median_income,4.66112526178109e-05,0.00174852359017527,0.026657491428605,0.978732917998065,-0.00345779441086967,0.00297686691655877,0.95,199,0,False,-4.50203929486595e-05,0.979336007843563,0.00466112526178109,0.00916316455664704,203.53364234507148,True,False,False,False,True
origin_500,Redundant -> Isolated,z_no_vehicle_share,-0.000720274000531292,0.00138751663712964,-0.519110172272473,0.603683915121284,-0.0037036086384688,0.00181939062549322,0.95,199,0,False,-0.000631976290505451,0.648192244658022,-0.0720274000531292,-0.008829771002584107,-13.971680797585154,False,False,False,False,True
origin_500,Redundant -> Isolated,z_pct_age_65plus,0.000521869889806404,0.00173312544648065,0.301114896712256,0.763326881958178,-0.00293662289071462,0.0038792483204708,0.95,199,0,False,0.000313131311261514,0.855651099600689,0.0521869889806404,0.020873857854489003,66.66167548174715,False,False,False,False,True
origin_500,Redundant -> Isolated,z_pct_black_nh,-0.00637053207649301,0.00176746610348307,-3.60433055204786,0.00031295854801571,-0.010370387481415,-0.00352563079899321,0.95,199,0,False,-0.00652767865592524,0.000269217949252697,-0.637053207649301,0.015714657943223,2.407388410420394,False,True,True,False,False
origin_500,Redundant -> Isolated,z_pct_hispanic,-0.00993970709129256,0.00185862952504683,-5.34786893102977,8.8995873750378e-08,-0.0145268936495573,-0.00720928662610203,0.95,199,0,False,-0.00990127144803677,9.59370692927208e-08,-0.9939707091292559,-0.003843564325578877,-0.388188966008096,False,True,True,False,False
origin_500,Redundant -> Isolated,z_renter_share,0.00423084470753208,0.00146497407285361,2.88799971680786,0.00387700221525499,0.00123465616816129,0.00669459253517716,0.95,199,0,False,0.00402704872963411,0.00602692120098479,0.423084470753208,0.020379597789796974,5.060678218226732,False,True,True,False,False
origin_500,Redundant -> Inundated,z_log_median_income,-0.0038812132306506,0.00256717723873886,-1.5118602533876,0.130569417269666,-0.00916809003154928,0.000513468739841332,0.95,199,0,False,-0.00422211929838988,0.0991090146918128,-0.38812132306506,0.034090606773928056,8.074287902506361,False,False,False,False,True
origin_500,Redundant -> Inundated,z_no_vehicle_share,0.00599996638000595,0.00187355439843189,3.20245111912831,0.00136263423488587,0.00241103284059,0.0089721165248563,0.95,199,0,False,0.00601969031565587,0.0011579426982363,0.599996638000595,-0.0019723935649919658,-0.32765698259629916,False,True,True,False,False
origin_500,Redundant -> Inundated,z_pct_age_65plus,-0.00315551555969664,0.00274322134493884,-1.15029564257309,0.250022124916702,-0.008081913320341,0.00144491318557861,0.95,199,0,False,-0.00372311580651114,0.183477601008353,-0.315551555969664,0.05676002468145,15.245301954396826,False,False,False,False,True
origin_500,Redundant -> Inundated,z_pct_black_nh,-0.0122502840141286,0.00212790169419457,-5.75697836396784,8.56328812509949e-09,-0.0159813046755701,-0.00762867256815761,0.95,199,0,False,-0.0121043867610758,9.91924458449939e-09,-1.2250284014128598,-0.014589725305279994,-1.2053254405416327,False,True,True,False,False
origin_500,Redundant -> Inundated,z_pct_hispanic,-0.0183630622192067,0.0029058951102323,-6.31924468111267,2.62844822680113e-10,-0.0236617650243626,-0.0126348338048073,0.95,199,0,False,-0.0179102943797886,8.89692799390271e-10,-1.83630622192067,-0.045276783941810075,-2.5279754191479955,False,True,True,False,False
origin_500,Redundant -> Inundated,z_renter_share,0.0113234659192954,0.0021152162449422,5.3533372516269,8.63466982564818e-08,0.00731583871973165,0.0151373601991665,0.95,199,0,False,0.0112139401853598,1.27694541778597e-07,1.13234659192954,0.0109525733935599,0.9766926889675117,False,True,True,False,False
origin_500,Redundant -> Worse,z_log_median_income,-0.000983606851528777,0.00343436587038463,-0.286401300458596,0.774570778779406,-0.00747056707898086,0.00581423383867983,0.95,199,0,False,-0.00144542147260248,0.666440059960225,-0.09836068515287769,0.046181462107370314,31.950170232507084,False,False,False,False,True
origin_500,Redundant -> Worse,z_no_vehicle_share,0.00557061909820813,0.00251580590838962,2.21424835661265,0.0268116990503227,0.00101788197514153,0.0118501304841897,0.95,199,0,False,0.00565814490996058,0.0254782323308286,0.5570619098208129,-0.00875258117524506,-1.5468994369226996,False,True,True,False,False
origin_500,Redundant -> Worse,z_pct_age_65plus,0.00253200368743842,0.00317973186170051,0.796294718411983,0.425860754709239,-0.00462823767733026,0.00765168551924933,0.95,199,0,False,0.00151841286041298,0.639738617796014,0.253200368743842,0.10135908270254401,66.75330889582708,False,False,False,False,True
origin_500,Redundant -> Worse,z_pct_black_nh,-0.0237876711081547,0.00283130979671308,-8.40164899502352,4.40252117369433e-17,-0.0293629113203982,-0.0191144365014623,0.95,199,0,False,-0.0238235638566257,4.06622771910658e-17,-2.37876711081547,0.003589274847099963,0.15066070167758425,False,True,True,False,False
origin_500,Redundant -> Worse,z_pct_hispanic,-0.0387745564296774,0.00368744104658039,-10.5153020590351,7.34450798789471e-26,-0.0470941805459273,-0.0319486815184368,0.95,199,0,False,-0.0383747877023337,5.12362301165613e-25,-3.87745564296774,-0.03997687273437009,-1.0417483751171075,False,True,True,False,False
origin_500,Redundant -> Worse,z_renter_share,0.0227688981002022,0.00291472157147048,7.81168888413421,5.64267068659144e-15,0.0170891754070016,0.0289164818172175,0.95,199,0,False,0.0224949820749746,7.47922844841831e-15,2.27688981002022,0.02739160252276003,1.2176761213440959,False,True,True,False,False
origin_500,Fragile -> Isolated,z_log_median_income,0.00130378444246292,0.00200508406067025,0.650239293222997,0.515537663439783,-0.003233205165432,0.00455741691072824,0.95,199,0,False,0.00170650983037696,0.432769688473494,0.130378444246292,-0.040272538791404015,-23.599359391037318,False,False,False,False,True
origin_500,Fragile -> Isolated,z_no_vehicle_share,7.46766391103711e-05,0.00163528356997755,0.0456658652244614,0.963576571016701,-0.00305383182310959,0.00291049237037415,0.95,199,0,False,0.00100258604321836,0.608306559653591,0.00746766391103711,-0.0927909404107989,-92.55159797849821,False,False,False,False,True
origin_500,Fragile -> Isolated,z_pct_age_65plus,0.00192813607710661,0.0019551679369902,0.986174149354557,0.324047662288032,-0.00184429408264724,0.00547730332790898,0.95,199,0,False,0.00164097603561017,0.448090619381845,0.192813607710661,0.028716004149644002,17.499344004110597,False,False,False,False,True
origin_500,Fragile -> Isolated,z_pct_black_nh,-0.0135557672063394,0.00244948411544415,-5.53413150175965,3.12774254618793e-08,-0.0188828826873151,-0.00996003634493601,0.95,199,0,False,-0.0130694591818405,8.21827889671702e-07,-1.35557672063394,-0.04863080244989007,-3.7209498704782416,False,True,True,False,False
origin_500,Fragile -> Isolated,z_pct_hispanic,-0.018005454878933,0.00288875302579262,-6.23295059084972,4.57730576117801e-10,-0.0243575740924201,-0.0134001663414235,0.95,199,0,False,-0.0162809544791954,8.28544164632602e-07,-1.8005454878933,-0.1724500399737601,-10.592133292561268,False,True,True,False,False
origin_500,Fragile -> Isolated,z_renter_share,0.00850722157408277,0.00183752270822267,4.62972323335873,3.66154799748447e-06,0.00505776444703304,0.0121254402431359,0.95,199,0,False,0.00779273743849076,0.000888311281850364,0.850722157408277,0.07144841355920095,9.1685898727057,False,True,True,False,False
origin_500,Fragile -> Inundated,z_log_median_income,-0.00319272823634238,0.00296872385924858,-1.07545477037076,0.282171171690199,-0.0089646374807942,0.00247820442453523,0.95,199,0,False,-0.00449137763617265,0.14599368564152,-0.319272823634238,0.12986493998302698,28.914277645486976,False,False,False,False,True
origin_500,Fragile -> Inundated,z_no_vehicle_share,0.00527721738954379,0.00216121202221325,2.44178606046227,0.0146148046030654,0.000832564348061684,0.00942609125677229,0.95,199,0,False,0.00502092610376523,0.0173782080384699,0.527721738954379,0.025629128577856018,5.104462413544892,False,True,True,False,False
origin_500,Fragile -> Inundated,z_pct_age_65plus,-0.00496707898763046,0.00346683834739374,-1.43274029242366,0.151932070153613,-0.0115342608046261,0.00159324008427087,0.95,199,0,False,-0.00594062853089948,0.0690940921079512,-0.496707898763046,0.09735495432690199,16.387988883755593,False,False,False,False,True
origin_500,Fragile -> Inundated,z_pct_black_nh,-0.0130045577845877,0.00282644943902796,-4.60102261339587,4.20421777138191e-06,-0.0188966184100984,-0.00821163058594042,0.95,199,0,False,-0.0121140458961322,1.75400135876886e-05,-1.30045577845877,-0.08905118884555002,-7.351069131575809,False,True,True,False,False
origin_500,Fragile -> Inundated,z_pct_hispanic,-0.0174709549377886,0.00358152061087255,-4.87808303678371,1.07121829889969e-06,-0.0243817367970439,-0.0112284220005462,0.95,199,0,False,-0.0155417855713482,2.29549890361095e-06,-1.74709549377886,-0.19291693664404003,-12.412791037323847,False,True,True,False,False
origin_500,Fragile -> Inundated,z_renter_share,0.0148564797401064,0.00251991290631333,5.89563222716364,3.73249474030922e-09,0.0101396124007439,0.020236675008544,0.95,199,0,False,0.0142655025889802,5.23081515861814e-08,1.48564797401064,0.05909771511261996,4.142701229346921,False,True,True,False,False
origin_500,Fragile -> Worse,z_log_median_income,-0.00152691440066996,0.00392693613150392,-0.388830973954544,0.697401186404329,-0.00893516835304439,0.00487375685341573,0.95,199,0,False,-0.00245134038040769,0.521318244819336,-0.152691440066996,0.092442597973773,37.711041156348344,False,False,False,False,True
origin_500,Fragile -> Worse,z_no_vehicle_share,0.00480633862461822,0.00271439604759466,1.77068435863562,0.0766132049322942,-0.00109702948756409,0.00964639642119004,0.95,199,0,False,0.0052510603448269,0.0569115597929165,0.48063386246182205,-0.04447217202086795,-8.469179384822699,False,False,False,False,True
origin_500,Fragile -> Worse,z_pct_age_65plus,-0.00069791851216163,0.0037563920462206,-0.185794907340362,0.852605598354198,-0.00830961414665467,0.00592141111368626,0.95,199,0,False,-0.00209308999382606,0.585348263408316,-0.069791851216163,0.13951714816644298,66.65606762154209,False,False,False,False,True
origin_500,Fragile -> Worse,z_pct_black_nh,-0.0278888026033095,0.00333551610906557,-8.36116561617279,6.21015942410636e-17,-0.0345219462223023,-0.0218765913976862,0.95,199,0,False,-0.0266699026137245,8.66961673532519e-15,-2.78888026033095,-0.12188999895849997,-4.570320361641463,False,True,True,False,False
origin_500,Fragile -> Worse,z_pct_hispanic,-0.0397775476569792,0.00407112552418015,-9.7706512414622,1.50481634955306e-22,-0.0470964519544146,-0.0313604997270126,0.95,199,0,False,-0.0365612027073358,1.14785218135119e-15,-3.9777547656979197,-0.3216344949643395,-8.797153024175687,False,True,True,False,False
origin_500,Fragile -> Worse,z_renter_share,0.023775944870865,0.00288426524532163,8.24332814377261,1.67485420527203e-16,0.0188249925110184,0.0298257752691692,0.95,199,0,False,0.022717290872554,1.91037023785637e-13,2.3775944870865,0.10586539983109995,4.660124326664397,False,True,True,False,False
facility_500,Redundant -> Fragile,z_log_median_income,0.00128834173442032,0.000949874525390718,1.35632833598772,0.174994723589412,-0.000583963853519979,0.003237028238162,0.95,199,0,False,0.00128834173442032,0.174994723589412,0.12883417344203202,0.0,0.0,False,False,False,False,True
facility_500,Redundant -> Fragile,z_no_vehicle_share,0.000337861047934815,0.000753089577698134,0.448633280741328,0.653696221663004,-0.00112259596106408,0.00173848901448319,0.95,199,0,False,0.000337861047934815,0.653696221663004,0.0337861047934815,0.0,0.0,False,False,False,False,True
facility_500,Redundant -> Fragile,z_pct_age_65plus,0.00111285959395134,0.0009898854056894,1.12423073171414,0.260915155306268,-0.000618642320585533,0.00300015963409344,0.95,199,0,False,0.00111285959395134,0.260915155306268,0.111285959395134,0.0,0.0,False,False,False,False,True
facility_500,Redundant -> Fragile,z_pct_black_nh,-0.00411959898208088,0.000957548676824068,-4.30223453051441,1.69084196625121e-05,-0.00625543553422538,-0.0024556518519029,0.95,199,0,False,-0.00411959898208088,1.69084196625121e-05,-0.411959898208088,0.0,0.0,False,True,True,False,False
facility_500,Redundant -> Fragile,z_pct_hispanic,-0.00757824341561448,0.00110671977962648,-6.84748167975472,7.51613138006973e-12,-0.00986302987717324,-0.00560055831024896,0.95,199,0,False,-0.00757824341561448,7.51613138006973e-12,-0.757824341561448,0.0,0.0,False,True,True,False,False
facility_500,Redundant -> Fragile,z_renter_share,0.00676791385809718,0.000925107857997209,7.31581058315646,2.55832325084331e-13,0.00515424111442896,0.00883837561521155,0.95,199,0,False,0.00676791385809718,2.55832325084331e-13,0.676791385809718,0.0,0.0,False,True,True,False,False
facility_500,Redundant -> Isolated,z_log_median_income,0.000193649187341868,0.0017619977836577,0.109903195757645,0.912486148051523,-0.0034987223054143,0.00302392202001767,0.95,199,0,False,-4.50203929486595e-05,0.979336007843563,0.0193649187341868,0.02386695802905275,530.1365995687828,True,False,False,False,True
facility_500,Redundant -> Isolated,z_no_vehicle_share,-0.000764985229082088,0.00138873665301061,-0.550849743487144,0.581736681206151,-0.00366343355632986,0.00170086190535236,0.95,199,0,False,-0.000631976290505451,0.648192244658022,-0.0764985229082088,-0.013300893857663698,-21.046507689435185,False,False,False,False,True
facility_500,Redundant -> Isolated,z_pct_age_65plus,0.000758932758149562,0.00174419524022792,0.435119154464835,0.663475940715608,-0.00298138515342904,0.00416612428968017,0.95,199,0,False,0.000313131311261514,0.855651099600689,0.07589327581495621,0.04458014468880481,142.3688500175997,False,False,False,False,True
facility_500,Redundant -> Isolated,z_pct_black_nh,-0.00666166902780703,0.00178588344136939,-3.73018130606493,0.000191342031292138,-0.0109054073352486,-0.00386052165280972,0.95,199,0,False,-0.00652767865592524,0.000269217949252697,-0.666166902780703,-0.013399037188179062,-2.052649631583292,False,True,True,False,False
facility_500,Redundant -> Isolated,z_pct_hispanic,-0.0104729088931945,0.00186091287105122,-5.62783408944793,1.82486482293593e-08,-0.0153065624237402,-0.00779904355011466,0.95,199,0,False,-0.00990127144803677,9.59370692927208e-08,-1.0472908893194501,-0.057163744515772996,-5.7733741384403165,False,True,True,False,False
facility_500,Redundant -> Isolated,z_renter_share,0.0041792744351915,0.00145787856091226,2.86668214160194,0.00414799391619192,0.00118904071222313,0.00682976509771775,0.95,199,0,False,0.00402704872963411,0.00602692120098479,0.41792744351915,0.015222570555739005,3.780081041413695,False,True,True,False,False
facility_500,Redundant -> Inundated,z_log_median_income,-0.00422211929838988,0.00256011922964451,-1.64918854149467,0.0991090146918128,-0.00944577522034695,0.000293414505025337,0.95,199,0,False,-0.00422211929838988,0.0991090146918128,-0.42221192983898803,0.0,0.0,False,False,False,False,True
facility_500,Redundant -> Inundated,z_no_vehicle_share,0.00601969031565587,0.00185275838687539,3.24904227032423,0.0011579426982363,0.00236379862090877,0.00904547840399325,0.95,199,0,False,0.00601969031565587,0.0011579426982363,0.601969031565587,0.0,0.0,False,True,True,False,False
facility_500,Redundant -> Inundated,z_pct_age_65plus,-0.00372311580651114,0.00279907538781251,-1.33012344816506,0.183477601008353,-0.00875352614047565,0.00133587305286233,0.95,199,0,False,-0.00372311580651114,0.183477601008353,-0.37231158065111397,0.0,0.0,False,False,False,False,True
facility_500,Redundant -> Inundated,z_pct_black_nh,-0.0121043867610758,0.00211168305062567,-5.73210395257441,9.91924458449939e-09,-0.0158885763162838,-0.0076297042754983,0.95,199,0,False,-0.0121043867610758,9.91924458449939e-09,-1.21043867610758,0.0,0.0,False,True,True,False,False
facility_500,Redundant -> Inundated,z_pct_hispanic,-0.0179102943797886,0.00292267999412299,-6.12803810742304,8.89692799390271e-10,-0.0233304229083898,-0.0121765695424254,0.95,199,0,False,-0.0179102943797886,8.89692799390271e-10,-1.79102943797886,0.0,0.0,False,True,True,False,False
facility_500,Redundant -> Inundated,z_renter_share,0.0112139401853598,0.00212299818151842,5.2821242537944,1.27694541778597e-07,0.00724103834905322,0.0149191151770529,0.95,199,0,False,0.0112139401853598,1.27694541778597e-07,1.12139401853598,0.0,0.0,False,True,True,False,False
facility_500,Redundant -> Worse,z_log_median_income,-0.00118698060057194,0.00338411481376287,-0.350750688405902,0.725775394550592,-0.00770141048238116,0.00551477273480885,0.95,199,0,False,-0.00144542147260248,0.666440059960225,-0.11869806005719401,0.025844087203054,17.87996628867132,False,False,False,False,True
facility_500,Redundant -> Worse,z_no_vehicle_share,0.00553628240717239,0.00252241009620061,2.19483834746437,0.0281751956264516,0.00111679208914634,0.0117686345941251,0.95,199,0,False,0.00565814490996058,0.0254782323308286,0.553628240717239,-0.012186250278818991,-2.153753654729902,False,True,True,False,False
facility_500,Redundant -> Worse,z_pct_age_65plus,0.0020566506850951,0.00320205065113835,0.642291740252123,0.520683776244937,-0.00512087374254662,0.0067812120145585,0.95,199,0,False,0.00151841286041298,0.639738617796014,0.20566506850951002,0.05382378246821201,35.447396338287696,False,False,False,False,True
facility_500,Redundant -> Worse,z_pct_black_nh,-0.0239619469710626,0.00282089396926317,-8.49445148671134,1.98869835961475e-17,-0.0297346491165257,-0.0193124499547637,0.95,199,0,False,-0.0238235638566257,4.06622771910658e-17,-2.3961946971062598,-0.01383831144368998,-0.5808665540962433,False,True,True,False,False
facility_500,Redundant -> Worse,z_pct_hispanic,-0.0389819593427555,0.00365164746196531,-10.6751705220129,1.33013080273419e-26,-0.0467194163960275,-0.032725167495145,0.95,199,0,False,-0.0383747877023337,5.12362301165613e-25,-3.89819593427555,-0.06071716404218025,-1.5822149822209397,False,True,True,False,False
facility_500,Redundant -> Worse,z_renter_share,0.022651897716729,0.00291479134914938,7.77136165281246,7.76468552578483e-15,0.0172159900695949,0.028673951231808,0.95,199,0,False,0.0224949820749746,7.47922844841831e-15,2.2651897716729,0.015691564175440015,0.6975584209465405,False,True,True,False,False
facility_500,Fragile -> Isolated,z_log_median_income,0.00170650983037696,0.00217539169644106,0.784460947041771,0.432769688473494,-0.0030323302933623,0.00559154838170426,0.95,199,0,False,0.00170650983037696,0.432769688473494,0.170650983037696,0.0,0.0,False,False,False,False,True
facility_500,Fragile -> Isolated,z_no_vehicle_share,0.00100258604321836,0.00195629512455083,0.512492226063569,0.608306559653591,-0.00334668906579948,0.0047795505473032,0.95,199,0,False,0.00100258604321836,0.608306559653591,0.100258604321836,0.0,0.0,False,False,False,False,True
facility_500,Fragile -> Isolated,z_pct_age_65plus,0.00164097603561017,0.00216315779706094,0.758602094511897,0.448090619381845,-0.00230294337727302,0.006005011207876,0.95,199,0,False,0.00164097603561017,0.448090619381845,0.164097603561017,0.0,0.0,False,False,False,False,True
facility_500,Fragile -> Isolated,z_pct_black_nh,-0.0130694591818405,0.00265094608100078,-4.93011128197166,8.21827889671702e-07,-0.0187870179825341,-0.00938642876021262,0.95,199,0,False,-0.0130694591818405,8.21827889671702e-07,-1.30694591818405,0.0,0.0,False,True,True,False,False
facility_500,Fragile -> Isolated,z_pct_hispanic,-0.0162809544791954,0.00330341584663129,-4.92852103249375,8.28544164632602e-07,-0.0235668087903221,-0.0113914352066938,0.95,199,0,False,-0.0162809544791954,8.28544164632602e-07,-1.62809544791954,0.0,0.0,False,True,True,False,False
facility_500,Fragile -> Isolated,z_renter_share,0.00779273743849076,0.00234459585016368,3.32370179617384,0.000888311281850364,0.00371373884892329,0.0129251268567341,0.95,199,0,False,0.00779273743849076,0.000888311281850364,0.779273743849076,0.0,0.0,False,True,True,False,False
facility_500,Fragile -> Inundated,z_log_median_income,-0.00449137763617265,0.00308934354740255,-1.45382912818126,0.14599368564152,-0.0108329799940766,0.00120322437144024,0.95,199,0,False,-0.00449137763617265,0.14599368564152,-0.449137763617265,0.0,0.0,False,False,False,False,True
facility_500,Fragile -> Inundated,z_no_vehicle_share,0.00502092610376523,0.00211086858761105,2.37860667084331,0.0173782080384699,0.000995385594819193,0.00850379779700005,0.95,199,0,False,0.00502092610376523,0.0173782080384699,0.502092610376523,0.0,0.0,False,True,True,False,False
facility_500,Fragile -> Inundated,z_pct_age_65plus,-0.00594062853089948,0.0032680247527695,-1.81780401934382,0.0690940921079512,-0.0129568820899121,0.000741663099862829,0.95,199,0,False,-0.00594062853089948,0.0690940921079512,-0.594062853089948,0.0,0.0,False,False,False,False,True
facility_500,Fragile -> Inundated,z_pct_black_nh,-0.0121140458961322,0.0028210880559693,-4.29410413847217,1.75400135876886e-05,-0.0181445297279759,-0.0067337081825914,0.95,199,0,False,-0.0121140458961322,1.75400135876886e-05,-1.21140458961322,0.0,0.0,False,True,True,False,False
facility_500,Fragile -> Inundated,z_pct_hispanic,-0.0155417855713482,0.00328891878819876,-4.72549995065702,2.29549890361095e-06,-0.0220021559323438,-0.0097827123504284,0.95,199,0,False,-0.0155417855713482,2.29549890361095e-06,-1.5541785571348201,0.0,0.0,False,True,True,False,False
facility_500,Fragile -> Inundated,z_renter_share,0.0142655025889802,0.00262075458744055,5.44328059458324,5.23081515861814e-08,0.00945548757962571,0.0194807022153473,0.95,199,0,False,0.0142655025889802,5.23081515861814e-08,1.4265502588980201,0.0,0.0,False,True,True,False,False
facility_500,Fragile -> Worse,z_log_median_income,-0.00245134038040769,0.00382236740624898,-0.64131469319253,0.521318244819336,-0.0106989638896307,0.00459742302196224,0.95,199,0,False,-0.00245134038040769,0.521318244819336,-0.245134038040769,0.0,0.0,False,False,False,False,True
facility_500,Fragile -> Worse,z_no_vehicle_share,0.0052510603448269,0.00275792514429258,1.90398943774589,0.0569115597929165,6.86026451721332e-05,0.010670391505403,0.95,199,0,False,0.0052510603448269,0.0569115597929165,0.52510603448269,0.0,0.0,False,False,False,False,False
facility_500,Fragile -> Worse,z_pct_age_65plus,-0.00209308999382606,0.00383638369588126,-0.545589325716613,0.585348263408316,-0.00917679791841785,0.00396129726554684,0.95,199,0,False,-0.00209308999382606,0.585348263408316,-0.209308999382606,0.0,0.0,False,False,False,False,True
facility_500,Fragile -> Worse,z_pct_black_nh,-0.0266699026137245,0.00343800020448306,-7.75738831514545,8.66961673532519e-15,-0.0335031128253465,-0.0208074585397317,0.95,199,0,False,-0.0266699026137245,8.66961673532519e-15,-2.66699026137245,0.0,0.0,False,True,True,False,False
facility_500,Fragile -> Worse,z_pct_hispanic,-0.0365612027073358,0.00456449167269144,-8.009917714622,1.14785218135119e-15,-0.0454297201636858,-0.0288159068655897,0.95,199,0,False,-0.0365612027073358,1.14785218135119e-15,-3.65612027073358,0.0,0.0,False,True,True,False,False
facility_500,Fragile -> Worse,z_renter_share,0.022717290872554,0.00308871900823976,7.35492312895771,1.91037023785637e-13,0.0170436307637146,0.0292887144335091,0.95,199,0,False,0.022717290872554,1.91037023785637e-13,2.2717290872554,0.0,0.0,False,True,True,False,False
facility_add_uncapped,Redundant -> Fragile,z_log_median_income,0.00128834173442032,0.000949874525390718,1.35632833598772,0.174994723589412,-0.000583963853519979,0.003237028238162,0.95,199,0,True,0.00128834173442032,0.174994723589412,0.12883417344203202,0.0,0.0,False,False,False,False,True
facility_add_uncapped,Redundant -> Fragile,z_no_vehicle_share,0.000337861047934815,0.000753089577698134,0.448633280741328,0.653696221663004,-0.00112259596106408,0.00173848901448319,0.95,199,0,True,0.000337861047934815,0.653696221663004,0.0337861047934815,0.0,0.0,False,False,False,False,True
facility_add_uncapped,Redundant -> Fragile,z_pct_age_65plus,0.00111285959395134,0.0009898854056894,1.12423073171414,0.260915155306268,-0.000618642320585533,0.00300015963409344,0.95,199,0,True,0.00111285959395134,0.260915155306268,0.111285959395134,0.0,0.0,False,False,False,False,True
facility_add_uncapped,Redundant -> Fragile,z_pct_black_nh,-0.00411959898208088,0.000957548676824068,-4.30223453051441,1.69084196625121e-05,-0.00625543553422538,-0.0024556518519029,0.95,199,0,True,-0.00411959898208088,1.69084196625121e-05,-0.411959898208088,0.0,0.0,False,True,True,False,False
facility_add_uncapped,Redundant -> Fragile,z_pct_hispanic,-0.00757824341561448,0.00110671977962648,-6.84748167975472,7.51613138006973e-12,-0.00986302987717324,-0.00560055831024896,0.95,199,0,True,-0.00757824341561448,7.51613138006973e-12,-0.757824341561448,0.0,0.0,False,True,True,False,False
facility_add_uncapped,Redundant -> Fragile,z_renter_share,0.00676791385809718,0.000925107857997209,7.31581058315646,2.55832325084331e-13,0.00515424111442896,0.00883837561521155,0.95,199,0,True,0.00676791385809718,2.55832325084331e-13,0.676791385809718,0.0,0.0,False,True,True,False,False
facility_add_uncapped,Redundant -> Isolated,z_log_median_income,-4.50203929486595e-05,0.00173814721407038,-0.0259013693340917,0.979336007843563,-0.0035035701251982,0.00284907751174327,0.95,199,0,True,-4.50203929486595e-05,0.979336007843563,-0.00450203929486595,0.0,0.0,False,False,False,False,True
facility_add_uncapped,Redundant -> Isolated,z_no_vehicle_share,-0.000631976290505451,0.00138507764263065,-0.456274992140623,0.648192244658022,-0.00359253037638171,0.00188559308754697,0.95,199,0,True,-0.000631976290505451,0.648192244658022,-0.0631976290505451,0.0,0.0,False,False,False,False,True
facility_add_uncapped,Redundant -> Isolated,z_pct_age_65plus,0.000313131311261514,0.00172132571557628,0.181912875888618,0.855651099600689,-0.00333910256582882,0.00340719442797637,0.95,199,0,True,0.000313131311261514,0.855651099600689,0.031313131126151396,0.0,0.0,False,False,False,False,True
facility_add_uncapped,Redundant -> Isolated,z_pct_black_nh,-0.00652767865592524,0.0017917189502294,-3.64324921332638,0.000269217949252697,-0.0106203353407902,-0.00364456368633213,0.95,199,0,True,-0.00652767865592524,0.000269217949252697,-0.652767865592524,0.0,0.0,False,True,True,False,False
facility_add_uncapped,Redundant -> Isolated,z_pct_hispanic,-0.00990127144803677,0.00185616726251369,-5.33425604900935,9.59370692927208e-08,-0.0146149402538817,-0.00740890728070022,0.95,199,0,True,-0.00990127144803677,9.59370692927208e-08,-0.990127144803677,0.0,0.0,False,True,True,False,False
facility_add_uncapped,Redundant -> Isolated,z_renter_share,0.00402704872963411,0.00146634726571214,2.74631311681707,0.00602692120098479,0.00112318573370171,0.00663886363886113,0.95,199,0,True,0.00402704872963411,0.00602692120098479,0.402704872963411,0.0,0.0,False,True,True,False,False
facility_add_uncapped,Redundant -> Inundated,z_log_median_income,-0.00422211929838988,0.00256011922964451,-1.64918854149467,0.0991090146918128,-0.00944577522034695,0.000293414505025337,0.95,199,0,True,-0.00422211929838988,0.0991090146918128,-0.42221192983898803,0.0,0.0,False,False,False,False,True
facility_add_uncapped,Redundant -> Inundated,z_no_vehicle_share,0.00601969031565587,0.00185275838687539,3.24904227032423,0.0011579426982363,0.00236379862090877,0.00904547840399325,0.95,199,0,True,0.00601969031565587,0.0011579426982363,0.601969031565587,0.0,0.0,False,True,True,False,False
facility_add_uncapped,Redundant -> Inundated,z_pct_age_65plus,-0.00372311580651114,0.00279907538781251,-1.33012344816506,0.183477601008353,-0.00875352614047565,0.00133587305286233,0.95,199,0,True,-0.00372311580651114,0.183477601008353,-0.37231158065111397,0.0,0.0,False,False,False,False,True
facility_add_uncapped,Redundant -> Inundated,z_pct_black_nh,-0.0121043867610758,0.00211168305062567,-5.73210395257441,9.91924458449939e-09,-0.0158885763162838,-0.0076297042754983,0.95,199,0,True,-0.0121043867610758,9.91924458449939e-09,-1.21043867610758,0.0,0.0,False,True,True,False,False
facility_add_uncapped,Redundant -> Inundated,z_pct_hispanic,-0.0179102943797886,0.00292267999412299,-6.12803810742304,8.89692799390271e-10,-0.0233304229083898,-0.0121765695424254,0.95,199,0,True,-0.0179102943797886,8.89692799390271e-10,-1.79102943797886,0.0,0.0,False,True,True,False,False
facility_add_uncapped,Redundant -> Inundated,z_renter_share,0.0112139401853598,0.00212299818151842,5.2821242537944,1.27694541778597e-07,0.00724103834905322,0.0149191151770529,0.95,199,0,True,0.0112139401853598,1.27694541778597e-07,1.12139401853598,0.0,0.0,False,True,True,False,False
facility_add_uncapped,Redundant -> Worse,z_log_median_income,-0.00144542147260248,0.00335334317293082,-0.431038935791107,0.666440059960225,-0.00771983162089413,0.0055043079962864,0.95,199,0,True,-0.00144542147260248,0.666440059960225,-0.144542147260248,0.0,0.0,False,False,False,False,True
facility_add_uncapped,Redundant -> Worse,z_no_vehicle_share,0.00565814490996058,0.00253265826653025,2.23407357586867,0.0254782323308286,0.0013445441297816,0.0117748682137164,0.95,199,0,True,0.00565814490996058,0.0254782323308286,0.5658144909960581,0.0,0.0,False,True,True,False,False
facility_add_uncapped,Redundant -> Worse,z_pct_age_65plus,0.00151841286041298,0.00324402631080808,0.468064286456033,0.639738617796014,-0.00590562189326416,0.00631915580243995,0.95,199,0,True,0.00151841286041298,0.639738617796014,0.151841286041298,0.0,0.0,False,False,False,False,True
facility_add_uncapped,Redundant -> Worse,z_pct_black_nh,-0.0238235638566257,0.00283243845866001,-8.41097316123026,4.06622771910658e-17,-0.0295243115661894,-0.0190344822619832,0.95,199,0,True,-0.0238235638566257,4.06622771910658e-17,-2.38235638566257,0.0,0.0,False,True,True,False,False
facility_add_uncapped,Redundant -> Worse,z_pct_hispanic,-0.0383747877023337,0.00371466981233204,-10.3306053138118,5.12362301165613e-25,-0.0461006852731406,-0.0316200132921087,0.95,199,0,True,-0.0383747877023337,5.12362301165613e-25,-3.83747877023337,0.0,0.0,False,True,True,False,False
facility_add_uncapped,Redundant -> Worse,z_renter_share,0.0224949820749746,0.00289283455541156,7.77610390227597,7.47922844841831e-15,0.0169504817712219,0.0283644038464621,0.95,199,0,True,0.0224949820749746,7.47922844841831e-15,2.24949820749746,0.0,0.0,False,True,True,False,False
facility_add_uncapped,Fragile -> Isolated,z_log_median_income,0.00170650983037696,0.00217539169644106,0.784460947041771,0.432769688473494,-0.0030323302933623,0.00559154838170426,0.95,199,0,True,0.00170650983037696,0.432769688473494,0.170650983037696,0.0,0.0,False,False,False,False,True
facility_add_uncapped,Fragile -> Isolated,z_no_vehicle_share,0.00100258604321836,0.00195629512455083,0.512492226063569,0.608306559653591,-0.00334668906579948,0.0047795505473032,0.95,199,0,True,0.00100258604321836,0.608306559653591,0.100258604321836,0.0,0.0,False,False,False,False,True
facility_add_uncapped,Fragile -> Isolated,z_pct_age_65plus,0.00164097603561017,0.00216315779706094,0.758602094511897,0.448090619381845,-0.00230294337727302,0.006005011207876,0.95,199,0,True,0.00164097603561017,0.448090619381845,0.164097603561017,0.0,0.0,False,False,False,False,True
facility_add_uncapped,Fragile -> Isolated,z_pct_black_nh,-0.0130694591818405,0.00265094608100078,-4.93011128197166,8.21827889671702e-07,-0.0187870179825341,-0.00938642876021262,0.95,199,0,True,-0.0130694591818405,8.21827889671702e-07,-1.30694591818405,0.0,0.0,False,True,True,False,False
facility_add_uncapped,Fragile -> Isolated,z_pct_hispanic,-0.0162809544791954,0.00330341584663129,-4.92852103249375,8.28544164632602e-07,-0.0235668087903221,-0.0113914352066938,0.95,199,0,True,-0.0162809544791954,8.28544164632602e-07,-1.62809544791954,0.0,0.0,False,True,True,False,False
facility_add_uncapped,Fragile -> Isolated,z_renter_share,0.00779273743849076,0.00234459585016368,3.32370179617384,0.000888311281850364,0.00371373884892329,0.0129251268567341,0.95,199,0,True,0.00779273743849076,0.000888311281850364,0.779273743849076,0.0,0.0,False,True,True,False,False
facility_add_uncapped,Fragile -> Inundated,z_log_median_income,-0.00449137763617265,0.00308934354740255,-1.45382912818126,0.14599368564152,-0.0108329799940766,0.00120322437144024,0.95,199,0,True,-0.00449137763617265,0.14599368564152,-0.449137763617265,0.0,0.0,False,False,False,False,True
facility_add_uncapped,Fragile -> Inundated,z_no_vehicle_share,0.00502092610376523,0.00211086858761105,2.37860667084331,0.0173782080384699,0.000995385594819193,0.00850379779700005,0.95,199,0,True,0.00502092610376523,0.0173782080384699,0.502092610376523,0.0,0.0,False,True,True,False,False
facility_add_uncapped,Fragile -> Inundated,z_pct_age_65plus,-0.00594062853089948,0.0032680247527695,-1.81780401934382,0.0690940921079512,-0.0129568820899121,0.000741663099862829,0.95,199,0,True,-0.00594062853089948,0.0690940921079512,-0.594062853089948,0.0,0.0,False,False,False,False,True
facility_add_uncapped,Fragile -> Inundated,z_pct_black_nh,-0.0121140458961322,0.0028210880559693,-4.29410413847217,1.75400135876886e-05,-0.0181445297279759,-0.0067337081825914,0.95,199,0,True,-0.0121140458961322,1.75400135876886e-05,-1.21140458961322,0.0,0.0,False,True,True,False,False
facility_add_uncapped,Fragile -> Inundated,z_pct_hispanic,-0.0155417855713482,0.00328891878819876,-4.72549995065702,2.29549890361095e-06,-0.0220021559323438,-0.0097827123504284,0.95,199,0,True,-0.0155417855713482,2.29549890361095e-06,-1.5541785571348201,0.0,0.0,False,True,True,False,False
facility_add_uncapped,Fragile -> Inundated,z_renter_share,0.0142655025889802,0.00262075458744055,5.44328059458324,5.23081515861814e-08,0.00945548757962571,0.0194807022153473,0.95,199,0,True,0.0142655025889802,5.23081515861814e-08,1.4265502588980201,0.0,0.0,False,True,True,False,False
facility_add_uncapped,Fragile -> Worse,z_log_median_income,-0.00245134038040769,0.00382236740624898,-0.64131469319253,0.521318244819336,-0.0106989638896307,0.00459742302196224,0.95,199,0,True,-0.00245134038040769,0.521318244819336,-0.245134038040769,0.0,0.0,False,False,False,False,True
facility_add_uncapped,Fragile -> Worse,z_no_vehicle_share,0.0052510603448269,0.00275792514429258,1.90398943774589,0.0569115597929165,6.86026451721332e-05,0.010670391505403,0.95,199,0,True,0.0052510603448269,0.0569115597929165,0.52510603448269,0.0,0.0,False,False,False,False,False
facility_add_uncapped,Fragile -> Worse,z_pct_age_65plus,-0.00209308999382606,0.00383638369588126,-0.545589325716613,0.585348263408316,-0.00917679791841785,0.00396129726554684,0.95,199,0,True,-0.00209308999382606,0.585348263408316,-0.209308999382606,0.0,0.0,False,False,False,False,True
facility_add_uncapped,Fragile -> Worse,z_pct_black_nh,-0.0266699026137245,0.00343800020448306,-7.75738831514545,8.66961673532519e-15,-0.0335031128253465,-0.0208074585397317,0.95,199,0,True,-0.0266699026137245,8.66961673532519e-15,-2.66699026137245,0.0,0.0,False,True,True,False,False
facility_add_uncapped,Fragile -> Worse,z_pct_hispanic,-0.0365612027073358,0.00456449167269144,-8.009917714622,1.14785218135119e-15,-0.0454297201636858,-0.0288159068655897,0.95,199,0,True,-0.0365612027073358,1.14785218135119e-15,-3.65612027073358,0.0,0.0,False,True,True,False,False
facility_add_uncapped,Fragile -> Worse,z_renter_share,0.022717290872554,0.00308871900823976,7.35492312895771,1.91037023785637e-13,0.0170436307637146,0.0292887144335091,0.95,199,0,True,0.022717290872554,1.91037023785637e-13,2.2717290872554,0.0,0.0,False,True,True,False,False
facility_nearest_1000,Redundant -> Fragile,z_log_median_income,0.00148388319516821,0.00103977403107938,1.42712084627445,0.153545064694082,-0.000429568707339902,0.00357022629209314,0.95,199,0,False,0.00128834173442032,0.174994723589412,0.148388319516821,0.019554146074788996,15.17776343990536,False,False,False,False,True
facility_nearest_1000,Redundant -> Fragile,z_no_vehicle_share,0.000309504837554854,0.000747783098040495,0.413896540809609,0.678949877353262,-0.00106692147981627,0.0018996546476019,0.95,199,0,False,0.000337861047934815,0.653696221663004,0.030950483755485397,-0.002835621037996101,-8.392861667034165,False,False,False,False,True
facility_nearest_1000,Redundant -> Fragile,z_pct_age_65plus,0.00154100913014755,0.000919169946180276,1.67652253704705,0.0936358855561819,-0.000223129579657119,0.00329481803688461,0.95,199,0,False,0.00111285959395134,0.260915155306268,0.15410091301475498,0.04281495361962099,38.47291594764567,False,False,False,False,True
facility_nearest_1000,Redundant -> Fragile,z_pct_black_nh,-0.00379455608871276,0.000983266498433223,-3.85913289505863,0.000113790049743906,-0.0057154196200554,-0.00185967883988477,0.95,199,0,False,-0.00411959898208088,1.69084196625121e-05,-0.379455608871276,0.03250428933681197,7.890158599950304,False,True,True,False,False
facility_nearest_1000,Redundant -> Fragile,z_pct_hispanic,-0.00731647329175412,0.00114951518026345,-6.36483399034129,1.9550106916578e-10,-0.009567543606672,-0.00531498664033086,0.95,199,0,False,-0.00757824341561448,7.51613138006973e-12,-0.7316473291754121,0.026177012386035918,3.4542321947721923,False,True,True,False,False
facility_nearest_1000,Redundant -> Fragile,z_renter_share,0.00675675079516699,0.000951301320508398,7.1026399832558,1.22395951763939e-12,0.00494681199241134,0.0083565911755725,0.95,199,0,False,0.00676791385809718,2.55832325084331e-13,0.675675079516699,-0.0011163062930189503,-0.16494097242141958,False,True,True,False,False
facility_nearest_1000,Redundant -> Isolated,z_log_median_income,0.000477273773972053,0.00167260862611816,0.285346952370876,0.775378344569298,-0.00305875628286516,0.0037059047093904,0.95,199,0,False,-4.50203929486595e-05,0.979336007843563,0.047727377397205305,0.05222941669207125,1160.1279613803638,True,False,False,False,True
facility_nearest_1000,Redundant -> Isolated,z_no_vehicle_share,-0.000552314812531276,0.00140553795547451,-0.392956170539567,0.694351853551671,-0.00309512421653535,0.00236644580827463,0.95,199,0,False,-0.000631976290505451,0.648192244658022,-0.0552314812531276,0.007966147797417496,12.605137118429266,False,False,False,False,True
facility_nearest_1000,Redundant -> Isolated,z_pct_age_65plus,0.000988946869481326,0.00169769029138005,0.58252490133369,0.560213173563841,-0.00293328366148525,0.00373451791442819,0.95,199,0,False,0.000313131311261514,0.855651099600689,0.0988946869481326,0.0675815558219812,215.82496988153306,False,False,False,False,True
facility_nearest_1000,Redundant -> Isolated,z_pct_black_nh,-0.00656563361667228,0.00158418675809578,-4.14448207139685,3.40582599832301e-05,-0.00962688848419092,-0.0038022569992557,0.95,199,0,False,-0.00652767865592524,0.000269217949252697,-0.656563361667228,-0.003795496074703985,-0.5814465255973921,False,True,True,False,False
facility_nearest_1000,Redundant -> Isolated,z_pct_hispanic,-0.0103269771448701,0.00181672119301583,-5.68440396059171,1.31269664253629e-08,-0.0141787696543209,-0.00734543165376661,0.95,199,0,False,-0.00990127144803677,9.59370692927208e-08,-1.03269771448701,-0.04257056968333291,-4.299505362190007,False,True,True,False,False
facility_nearest_1000,Redundant -> Isolated,z_renter_share,0.00433725644535558,0.00150156529074463,2.88849007904594,0.00387096239770168,0.00142799793626872,0.00738822292249438,0.95,199,0,False,0.00402704872963411,0.00602692120098479,0.433725644535558,0.031020771572146978,7.70310310473086,False,True,True,False,False
facility_nearest_1000,Redundant -> Inundated,z_log_median_income,-0.00434233646002915,0.00244919815375934,-1.77296249115817,0.0762349224202798,-0.0102863311162744,6.28849463612945e-05,0.95,199,0,False,-0.00422211929838988,0.0991090146918128,-0.434233646002915,-0.01202171616392694,-2.84731797334847,False,False,False,False,True
facility_nearest_1000,Redundant -> Inundated,z_no_vehicle_share,0.00584482803344102,0.00210767433349178,2.7731172413899,0.00555221133440773,0.00139929692316915,0.00960913677719869,0.95,199,0,False,0.00601969031565587,0.0011579426982363,0.584482803344102,-0.017486228221485003,-2.9048385057296437,False,True,True,False,False
facility_nearest_1000,Redundant -> Inundated,z_pct_age_65plus,-0.003619201149126,0.00254634113339626,-1.42133396883032,0.155219692730338,-0.00851350193536071,0.00155268328489731,0.95,199,0,False,-0.00372311580651114,0.183477601008353,-0.3619201149126,0.01039146573851399,2.79106701981737,False,False,False,False,True
facility_nearest_1000,Redundant -> Inundated,z_pct_black_nh,-0.0119666880488539,0.00209304618066904,-5.71735500123019,1.08194929059134e-08,-0.0158174249898748,-0.00777032923026953,0.95,199,0,False,-0.0121043867610758,9.91924458449939e-09,-1.19666880488539,0.013769871222189985,1.1375934604526932,False,True,True,False,False
facility_nearest_1000,Redundant -> Inundated,z_pct_hispanic,-0.0178957470914364,0.00279671727929875,-6.39884024885189,1.56561537476704e-10,-0.0233096007330145,-0.0130664127740826,0.95,199,0,False,-0.0179102943797886,8.89692799390271e-10,-1.78957470914364,0.0014547288352199927,0.08122305554405763,False,True,True,False,False
facility_nearest_1000,Redundant -> Inundated,z_renter_share,0.0109749208375859,0.00212432937211751,5.1662990596633,2.38774640251338e-07,0.00743219488662716,0.0153520814210706,0.95,199,0,False,0.0112139401853598,1.27694541778597e-07,1.09749208375859,-0.02390193477739,-2.1314483921177705,False,True,True,False,False
facility_nearest_1000,Redundant -> Worse,z_log_median_income,-0.0008439029912608,0.00333690834487516,-0.25289966161548,0.800345750966019,-0.00727849746990048,0.00555504508397811,0.95,199,0,False,-0.00144542147260248,0.666440059960225,-0.08439029912608,0.060151848134168004,41.61543831631659,False,False,False,False,True
facility_nearest_1000,Redundant -> Worse,z_no_vehicle_share,0.00539583240638551,0.00241002138454476,2.2389147419971,0.0251614640915212,0.00101200187131467,0.010154824944471,0.95,199,0,False,0.00565814490996058,0.0254782323308286,0.539583240638551,-0.026231250357507032,-4.636016004349698,False,True,True,False,False
facility_nearest_1000,Redundant -> Worse,z_pct_age_65plus,0.00306040724568888,0.00308088496591012,0.993353299312429,0.320537811681282,-0.00328554497186367,0.00839874815983058,0.95,199,0,False,0.00151841286041298,0.639738617796014,0.306040724568888,0.15419943852759,101.55303774603873,False,False,False,False,True
facility_nearest_1000,Redundant -> Worse,z_pct_black_nh,-0.0234132148955777,0.00273790427768335,-8.55150966614089,1.21488899331298e-17,-0.0285566100801178,-0.0180425302480849,0.95,199,0,False,-0.0238235638566257,4.06622771910658e-17,-2.34132148955777,0.04103489610479995,1.7224499387142496,False,True,True,False,False
facility_nearest_1000,Redundant -> Worse,z_pct_hispanic,-0.0386408425928629,0.00350663589300254,-11.0193483931338,3.08282583184307e-28,-0.045400407655918,-0.0322511405089619,0.95,199,0,False,-0.0383747877023337,5.12362301165613e-25,-3.86408425928629,-0.026605489052920067,-0.6933064818310929,False,True,True,False,False
facility_nearest_1000,Redundant -> Worse,z_renter_share,0.0226082982791508,0.00273868890074216,8.25515387053421,1.51706664124279e-16,0.0170437168261196,0.027674757948078,0.95,199,0,False,0.0224949820749746,7.47922844841831e-15,2.26082982791508,0.011331620417619898,0.5037399176337283,False,True,True,False,False
facility_nearest_1000,Fragile -> Isolated,z_log_median_income,0.00199930915499688,0.00214134032324105,0.933671837819223,0.350473196301795,-0.00244925260274291,0.00585652112587262,0.95,199,0,False,0.00170650983037696,0.432769688473494,0.19993091549968797,0.029279932461991974,17.157787163478673,False,False,False,False,True
facility_nearest_1000,Fragile -> Isolated,z_no_vehicle_share,0.00072711173798362,0.0018054782428553,0.402725283930156,0.6871503315563,-0.0036323485244714,0.00352341975755181,0.95,199,0,False,0.00100258604321836,0.608306559653591,0.07271117379836199,-0.02754743052347401,-27.47637542913039,False,False,False,False,True
facility_nearest_1000,Fragile -> Isolated,z_pct_age_65plus,0.00213530867346917,0.00193872365444624,1.10139919558525,0.270722955391874,-0.00159727988754208,0.00562212657890274,0.95,199,0,False,0.00164097603561017,0.448090619381845,0.213530867346917,0.04943326378590001,30.124305726085186,False,False,False,False,True
facility_nearest_1000,Fragile -> Isolated,z_pct_black_nh,-0.0129601762569042,0.0022632222846329,-5.72642658430098,1.02568118379608e-08,-0.0174397356678893,-0.00871327422261119,0.95,199,0,False,-0.0130694591818405,8.21827889671702e-07,-1.29601762569042,0.01092829249362999,0.8361702149706718,False,True,True,False,False
facility_nearest_1000,Fragile -> Isolated,z_pct_hispanic,-0.0163288833393776,0.00289454698302597,-5.64125696875278,1.68813194671314e-08,-0.0228279664745153,-0.0116924268801917,0.95,199,0,False,-0.0162809544791954,8.28544164632602e-07,-1.6328883339377602,-0.004792886018220241,-0.29438605852899014,False,True,True,False,False
facility_nearest_1000,Fragile -> Isolated,z_renter_share,0.00789422855720243,0.0020397283543846,3.87023524001763,0.000108730384263382,0.00406208017518486,0.0123312359064263,0.95,199,0,False,0.00779273743849076,0.000888311281850364,0.789422855720243,0.01014911187116694,1.3023808323166788,False,True,True,False,False
facility_nearest_1000,Fragile -> Inundated,z_log_median_income,-0.00401996388209655,0.00290749669550614,-1.38262027547954,0.166781328791437,-0.00905977689384159,0.00159583606130577,0.95,199,0,False,-0.00449137763617265,0.14599368564152,-0.401996388209655,0.04714137540760997,10.495972333286527,False,False,False,False,True
facility_nearest_1000,Fragile -> Inundated,z_no_vehicle_share,0.00550316509590124,0.00220291897181002,2.49812415541529,0.0124852457854414,0.00073283610573674,0.00939842591440888,0.95,199,0,False,0.00502092610376523,0.0173782080384699,0.550316509590124,0.04822389921360099,9.604582544530485,False,True,True,False,False
facility_nearest_1000,Fragile -> Inundated,z_pct_age_65plus,-0.00626005194260938,0.00339477420540196,-1.84402601287827,0.0651793492607534,-0.0122467741581345,0.000215622960654795,0.95,199,0,False,-0.00594062853089948,0.0690940921079512,-0.626005194260938,-0.03194234117099007,-5.376929563066558,False,False,False,False,True
facility_nearest_1000,Fragile -> Inundated,z_pct_black_nh,-0.0123753303839361,0.0028514797030384,-4.33996790184042,1.42503529853622e-05,-0.0178362369596405,-0.00646682601673607,0.95,199,0,False,-0.0121140458961322,1.75400135876886e-05,-1.23753303839361,-0.026128448780390022,-2.156872196491543,False,True,True,False,False
facility_nearest_1000,Fragile -> Inundated,z_pct_hispanic,-0.0152749315860302,0.00363499801068743,-4.20218430412331,2.64351766182006e-05,-0.0225612351240284,-0.00846530442560061,0.95,199,0,False,-0.0155417855713482,2.29549890361095e-06,-1.52749315860302,0.0266853985318,1.717009825498778,False,True,True,False,False
facility_nearest_1000,Fragile -> Inundated,z_renter_share,0.014651111482615,0.00257558841778842,5.68845215385595,1.28196018669047e-08,0.0102268461281174,0.019525540833658,0.95,199,0,False,0.0142655025889802,5.23081515861814e-08,1.4651111482615,0.03856088936347989,2.70308663315286,False,True,True,False,False
facility_nearest_1000,Fragile -> Worse,z_log_median_income,-0.00157025853227787,0.00390763522913978,-0.401843682994827,0.687799071359494,-0.00981812615594508,0.00569919772165637,0.95,199,0,False,-0.00245134038040769,0.521318244819336,-0.157025853227787,0.088108184812982,35.9428602886754,False,False,False,False,True
facility_nearest_1000,Fragile -> Worse,z_no_vehicle_share,0.00570488741797729,0.0027260092671449,2.09276156421593,0.0363704444750373,-0.000244018780340656,0.0101778253071447,0.95,199,0,False,0.0052510603448269,0.0569115597929165,0.570488741797729,0.045382707315039066,8.64257965722066,False,True,False,True,True
facility_nearest_1000,Fragile -> Worse,z_pct_age_65plus,-0.00183966998159759,0.00391807875865653,-0.469533691106402,0.638688208756,-0.0104884961235648,0.00506884972522192,0.95,199,0,False,-0.00209308999382606,0.585348263408316,-0.183966998159759,0.025342001222846983,12.107458970993942,False,False,False,False,True
facility_nearest_1000,Fragile -> Worse,z_pct_black_nh,-0.0268622463019129,0.00327279264137287,-8.20774465278823,2.25381890880051e-16,-0.0330512955593737,-0.0208453990444765,0.95,199,0,False,-0.0266699026137245,8.66961673532519e-15,-2.68622463019129,-0.01923436881883997,-0.721201314358825,False,True,True,False,False
facility_nearest_1000,Fragile -> Worse,z_pct_hispanic,-0.0364078440668096,0.00471057117368111,-7.7289659203596,1.08423692583514e-14,-0.0450634625804321,-0.0282372284505468,0.95,199,0,False,-0.0365612027073358,1.14785218135119e-15,-3.64078440668096,0.01533586405262008,0.41945731860574226,False,True,True,False,False
facility_nearest_1000,Fragile -> Worse,z_renter_share,0.0232635439768275,0.00299186931831319,7.77558826999284,7.50975916037082e-15,0.0175632795466664,0.0294994516596922,0.95,199,0,False,0.022717290872554,1.91037023785637e-13,2.3263543976827497,0.05462531042734996,2.404569749703112,False,True,True,False,False
