attachment_arm,group,blocks,pop20,blocks_Miami-Dade,blocks_Broward,blocks_Palm Beach,mean_pct_black_nh,mean_pct_hispanic,mean_renter_share,mean_log_median_income,mean_pct_age_65plus,mean_no_vehicle_share
reference,all eligible blocks (reference),68521,6135688,30488.0,20576.0,17457.0,0.1959023411168329,0.44240930640711795,0.357538655657405,11.22757358047559,0.1912578475840494,0.07113104162757136
origin_1000,excluded vs reference,196,7251,53.0,20.0,123.0,0.2690934390953108,0.39028572275211554,0.37686604250277805,11.443148411484625,0.12270736739916946,0.053854432548822585
origin_1000,baseline state changed,0,0,,,,,,,,,
origin_1000,state changed at any scenario,0,0,,,,,,,,,
origin_500,excluded vs reference,777,52758,216.0,151.0,410.0,0.17911651591916847,0.3323347242614009,0.30341647852949877,11.562830956613492,0.22941955938502742,0.042101099395845255
origin_500,baseline state changed,0,0,,,,,,,,,
origin_500,state changed at any scenario,0,0,,,,,,,,,
facility_500,baseline state changed,0,0,,,,,,,,,
facility_500,state changed at any scenario,10,1028,10.0,,,0.00954106280193236,0.06472880983750542,0.07748010724788094,12.429220196836384,0.4733695652173913,0.01063829787234042
facility_add_uncapped,baseline state changed,0,0,,,,,,,,,
facility_add_uncapped,state changed at any scenario,0,0,,,,,,,,,
facility_nearest_1000,baseline state changed,87,11962,65.0,13.0,9.0,0.13240192056469308,0.589372823949019,0.4556481635166798,11.270223820615081,0.16353609651254516,0.1047119885589055
facility_nearest_1000,state changed at any scenario,247,19544,111.0,93.0,43.0,0.12645438360241354,0.3803785156655541,0.37633479935786784,11.430392312750222,0.2701082333150475,0.09056859552846927
